company_name,mst,company_representative,address,href
CHI NHÁNH DOANH NGHIỆP TƯ NHÂN NHÀ HÀNG ĂN UỐNG LÊ ĐĂNG,1300121705-002,LÊ MINH TE," Ấp Cồn Trứng, Xã Trường Long Hòa, Huyện Duyên Hải, Tỉnh Trà Vinh, Việt Nam",https://masothue.com/1300121705-002-chi-nhanh-doanh-nghiep-tu-nhan-nha-hang-an-uong-le-dang
CHI NHÁNH CỘNG TY TNHH XÂY DỰNG-THƯƠNG MẠI-DỊCH VỤ PHÁT ĐẠT TÂY NINH - CÂU LẠC BỘ XÔNG HƠI XOA BÓP PHÁT ĐẠT,3900366725-002,NGUYỄN VĂN HẢI," Số 3/1, Hẻm 59, đường Cách Mạng Tháng Tám, Khu phố 2, Phường 3, Thành phố Tây Ninh, Tỉnh Tây Ninh, Việt Nam",https://masothue.com/3900366725-002-chi-nhanh-cong-ty-tnhh-xay-dung-thuong-mai-dich-vu-phat-dat-tay-ninh-cau-lac-bo-xong-hoi-xoa-bop-phat-dat
CÔNG TY TNHH VƯỜN THẢO DƯỢC - CHI NHÁNH PHAN THIẾT,4000874083-002,DƯƠNG TÚ ANH," Tầng 2, TTC Hotel Premium Phan Thiết, Khu Đồi Dương, Phường Hưng Long, Thành phố Phan Thiết, Tỉnh Bình Thuận, Việt Nam",https://masothue.com/4000874083-002-cong-ty-tnhh-vuon-thao-duoc-chi-nhanh-phan-thiet
CHI NHÁNH CÔNG TY TNHH MIMÔSA - DIỄM HUỲNH,1400624300-002,NGUYỄN MINH THƯ," Số 54A, Nguyễn Tất Thành, khóm 3, Phường 1, Thành phố Sa Đéc, Tỉnh Đồng Tháp, Việt Nam",https://masothue.com/1400624300-002-chi-nhanh-cong-ty-tnhh-mimosa-diem-huynh
CHI NHÁNH CÔNG TY CỔ PHẦN THẨM MỸ SẮC XUÂN - LONG AN,0303839066-003,CÔNG TẰNG TÔN NỮ PHƯƠNG THẢO," 67, Nguyễn Trung Trực, Phường 2, Thành phố Tân An, Tỉnh Long An, Việt Nam",https://masothue.com/0303839066-003-chi-nhanh-cong-ty-co-phan-tham-my-sac-xuan-long-an
CHI NHÁNH CÔNG TY CỔ PHẦN PHÚ NAM SƠN TẠI HÀ NỘI,2801139536-002,NGUYỄN THỊ KIM OANH," Tầng 3, Tòa nhà Sao Mai, Lô 03 - 3A, KCN Hoàng Mai, số 431 Tam Trinh, Phường Hoàng Văn Thụ, Quận Hoàng Mai, Thành phố Hà Nội, Việt Nam",https://masothue.com/2801139536-002-chi-nhanh-cong-ty-co-phan-phu-nam-son-tai-ha-noi
DOANH NGHIỆP TN DỊCH VỤ HÒA NGHĨA,2100454522,ÔN ĐẠI NGHĨA," Số 143B Phan Đình Phùng, Phường 6, Thành phố Trà Vinh, Tỉnh Trà Vinh, Việt Nam",https://masothue.com/2100454522-doanh-nghiep-tn-dich-vu-hoa-nghia
CHI NHÁNH SỐNG KHỎE SPA - DOANH NGHIỆP TƯ NHÂN MÃ HỒNG ÂN,0400478369-001,MÃ QUỐC THẮNG," 102 Quang Trung, Tổ 52, Phường Thạch Thang, Quận Hải Châu, Thành phố Đà Nẵng, Việt Nam",https://masothue.com/0400478369-001-chi-nhanh-song-khoe-spa-doanh-nghiep-tu-nhan-ma-hong-an
CHI NHÁNH CÔNG TY TNHH THẨM MỸ CÔNG NGHỆ CAO MI LAN TẠI HẢI PHÒNG,0104172959-001,TRẦN HOÀNG OANH," Số 44B Lương Khánh Thiện, Phường Lương Khánh Thiện, Quận Ngô Quyền, Thành phố Hải Phòng, Việt Nam",https://masothue.com/0104172959-001-chi-nhanh-cong-ty-tnhh-tham-my-cong-nghe-cao-mi-lan-tai-hai-phong
CHI NHÁNH CÔNG TY TNHH ĐÀO TẠO THẨM MỸ CA LI,0309575765-002,HOÀNG THỊ MỸ DUNG," 87 Phan Kế Bính, Phường Đa Kao, Quận 1, Thành phố Hồ Chí Minh, Việt Nam",https://masothue.com/0309575765-002-chi-nhanh-cong-ty-tnhh-dao-tao-tham-my-ca-li
CHI NHÁNH CÔNG TY TNHH ĐÀO TẠO THẨM MỸ CA LI,0309575765-001,HOÀNG THỊ MỸ DUNG ," 167 Võ Văn Tần, Phường 05, Quận 3, Thành phố Hồ Chí Minh, Việt Nam",https://masothue.com/0309575765-001-chi-nhanh-cong-ty-tnhh-dao-tao-tham-my-ca-li
CHI NHÁNH DOANH NGHIỆP TƯ NHÂN MASSAGE XUÂN HƯƠNG,1401242054-001,NGUYỄN VĂN DŨNG," Đường Cách Mạng Tháng Tám, Khóm 3, Thị Trấn Tràm Chim, Huyện Tam Nông, Tỉnh Đồng Tháp, Việt Nam",https://masothue.com/1401242054-001-chi-nhanh-doanh-nghiep-tu-nhan-massage-xuan-huong
DOANH NGHIỆP TN MASSAGE XUÂN HƯƠNG,1401242054,NGUYỄN VĂN DŨNG," Tổ 3, ấp An Thịnh, Xã An Long, Huyện Tam Nông, Tỉnh Đồng Tháp, Việt Nam",https://masothue.com/1401242054-doanh-nghiep-tn-massage-xuan-huong
DOANH NGHIỆP TƯ NHÂN SONG NGỌC,1400385010,TRẦN VĂN ĐEM," Số 301, Điện Biên Phủ, Phường Mỹ Phú, Thành phố Cao Lãnh, Tỉnh Đồng Tháp, Việt Nam",https://masothue.com/1400385010-doanh-nghiep-tu-nhan-song-ngoc
CHI NHÁNH CÔNG TY CỔ PHẦN THƯƠNG MẠI VÀ DỊCH VỤ SAO THIÊN CẦM - THẨM MỸ VIỆN LYRA,0102760017-003,ĐỖ THỊ VÂN HÀ," Số 81 Lý Nam Đế, Phường Cửa Đông, Quận Hoàn Kiếm, Thành phố Hà Nội, Việt Nam",https://masothue.com/0102760017-003-chi-nhanh-cong-ty-co-phan-thuong-mai-va-dich-vu-sao-thien-cam-tham-my-vien-lyra
CÔNG TY TNHH MỘT THÀNH VIÊN HOÀNG CHÂU,1401242086,BÙI LONG HỒ," Ấp Tân Thuận B, Xã Tân Phú, Huyện Thanh Bình, Tỉnh Đồng Tháp, Việt Nam",https://masothue.com/1401242086-cong-ty-tnhh-mot-thanh-vien-hoang-chau
CHI NHÁNH CÔNG TY TNHH MỘT THÀNH VIÊN HOÀNG CHÂU,1401242086-001,BÙI LONG HỒ," Ấp Vĩnh Hưng, Xã Vĩnh Thạnh Trung, Huyện Châu Phú, Tỉnh An Giang, Việt Nam",https://masothue.com/1401242086-001-chi-nhanh-cong-ty-tnhh-mot-thanh-vien-hoang-chau
CHI NHÁNH CÔNG TY TNHH MỘT THÀNH VIÊN DỊCH VỤ THƯƠNG MẠI XUẤT NHẬP KHẨU NHẬT HÀ TẠI ĐÀ LẠT,1800586522-011,HUỲNH LONG HÀ," Số 4 Nguyễn Thị Minh Khai, Phường 1, Thành phố Đà Lạt, Tỉnh Lâm Đồng, Việt Nam",https://masothue.com/1800586522-011-chi-nhanh-cong-ty-tnhh-mot-thanh-vien-dich-vu-thuong-mai-xuat-nhap-khau-nhat-ha-tai-da-lat
CHI NHÁNH CÔNG TY TNHH MỘT THÀNH VIÊN MASSAGE THÚY KIỀU,3602543619-001,NGUYỄN THÀNH SƠN," Số 73A, khu 6, ấp Bàu Cá, Xã Trung Hoà, Huyện Trảng Bom, Tỉnh Đồng Nai, Việt Nam",https://masothue.com/3602543619-001-chi-nhanh-cong-ty-tnhh-mot-thanh-vien-massage-thuy-kieu
CHI NHÁNH CÔNG TY TNHH MỘT THÀNH VIÊN THƯƠNG MẠI VÀ DỊCH VỤ YẾN NHI CƠ SỞ 3,3300871123-003,NGUYỄN THỊ KIM TRE," Lô 14 khu quy hoạch Kiểm Huệ 3, Phường Xuân Phú, Thành phố Huế, Tỉnh Thừa Thiên Huế, Việt Nam",https://masothue.com/3300871123-003-chi-nhanh-cong-ty-tnhh-mot-thanh-vien-thuong-mai-va-dich-vu-yen-nhi-co-so-3
CHI NHÁNH CÔNG TY TNHH MỘT THÀNH VIÊN THƯƠNG MẠI VÀ DỊCH VỤ YẾN NHI CƠ SỞ 2,3300871123-004,ĐOÀN THỊ PHƯỢNG," 15 Lê Ngô Cát, Phường Trường An, Thành phố Huế, Tỉnh Thừa Thiên Huế, Việt Nam",https://masothue.com/3300871123-004-chi-nhanh-cong-ty-tnhh-mot-thanh-vien-thuong-mai-va-dich-vu-yen-nhi-co-so-2
CÔNG TY TRÁCH NHIỆM HỮU HẠN MỘT THÀNH VIÊN HẠNH KIỀU,1201143144,NGÔ VĂN MẠNH," Ấp Kinh 12, Xã Mỹ Phước Tây, Huyện Cai Lậy, Tỉnh Tiền Giang, Việt Nam",https://masothue.com/1201143144-cong-ty-trach-nhiem-huu-han-mot-thanh-vien-hanh-kieu
CÔNG TY TNHH MỘT THÀNH VIÊN THƯƠNG MẠI DỊCH VỤ THỦY MINH THÀNH,0401440713,BÙI THỊ BA," Lô 40-A2, KDC Hòa Mỹ, Phường Hoà Khánh Nam, Quận Liên Chiểu, Thành phố Đà Nẵng, Việt Nam",https://masothue.com/0401440713-cong-ty-tnhh-mot-thanh-vien-thuong-mai-dich-vu-thuy-minh-thanh
CHI NHÁNH CÔNG TY TNHH ĐẠI NGỌC II,1100792022-001,NGUYỄN QUỐC NGHIỆM," Số 1, đường Phước Tú, ấp Chợ, Thị Trấn Bến Lức, Huyện Bến Lức, Tỉnh Long An, Việt Nam",https://masothue.com/1100792022-001-chi-nhanh-cong-ty-tnhh-dai-ngoc-ii
CHI NHÁNH DOANH NGHIỆP TƯ NHÂN THƯƠNG MẠI DỊCH VỤ HỒNG ƯNG - PHÒNG XÔNG HƠI XOA BÓP HƯƠNG SEN,0302260438-002,Nguyễn Thị Phi Yến," 124 Phan Xích Long, Phường 02, Quận Phú Nhuận, Thành phố Hồ Chí Minh, Việt Nam",https://masothue.com/0302260438-002-chi-nhanh-doanh-nghiep-tu-nhan-thuong-mai-dich-vu-hong-ung-phong-xong-hoi-xoa-bop-huong-sen
CHI NHÁNH DOANH NGHIỆP TƯ NHÂN NẮNG MÂY HỒNG,3702431789-001,PHẠM VĂN HOÀI," Số 125/3B, tổ 5, khu phố Bình Khánh, Phường Khánh Bình, Thị xã Tân Uyên, Tỉnh Bình Dương, Việt Nam",https://masothue.com/3702431789-001-chi-nhanh-doanh-nghiep-tu-nhan-nang-may-hong
CÔNG TY TNHH ĐỆ NHẤT L.A,1101815674,NGUYỄN HUYỀN CƠ ," 742 Đường tỉnh lộ 824, Ấp Mới 1, Xã Mỹ Hạnh Nam, Huyện Đức Hoà, Tỉnh Long An, Việt Nam",https://masothue.com/1101815674-cong-ty-tnhh-de-nhat-l-a
DOANH NGHIỆP TƯ NHÂN THANH CƯỜNG ĐỨC HÒA,1101718455,NGUYỄN THANH SƠN," Số 475, ấp 1, Xã Đức Hòa Đông, Huyện Đức Hoà, Tỉnh Long An, Việt Nam",https://masothue.com/1101718455-doanh-nghiep-tu-nhan-thanh-cuong-duc-hoa
AMI SPA – CHI NHÁNH CÔNG TY CỔ PHẦN DỊCH VỤ AMI-PRO,0107932559-001,ĐỖ NGỌC TUẤN," Số 2, Đường Nguyễn Du, Phường Nông Trang, Thành phố Việt Trì, Tỉnh Phú Thọ, Việt Nam",https://masothue.com/0107932559-001-ami-spa-chi-nhanh-cong-ty-co-phan-dich-vu-ami-pro
DOANH NGHIỆP TƯ NHÂN TÂM LỢI LỢI,1501025261,TRƯƠNG HOÀI TÂM," Tổ 1, ấp Đông Hậu, Xã Ngãi Tứ, Huyện Tam Bình, Tỉnh Vĩnh Long, Việt Nam",https://masothue.com/1501025261-doanh-nghiep-tu-nhan-tam-loi-loi
CHI NHÁNH THÀNH PHỐ HỒ CHÍ MINH - CÔNG TY TNHH CHĂM SÓC VÀ LÀM ĐẸP EVACARE,0106676655-001,PHÙNG THỊ PHƯỢNG," 119 đường Trần Minh Quyền, Phường 10, Quận 10, Thành phố Hồ Chí Minh, Việt Nam",https://masothue.com/0106676655-001-chi-nhanh-thanh-pho-ho-chi-minh-cong-ty-tnhh-cham-soc-va-lam-dep-evacare
CHI NHÁNH CÔNG TY CỔ PHẦN ĐẠI QUÝ GIA,0107579171-001,LÊ THỊ NGỌ," Số 21 phố Nguyễn Khuyến, Phường Văn Miếu, Quận Đống Đa, Thành phố Hà Nội, Việt Nam",https://masothue.com/0107579171-001-chi-nhanh-cong-ty-co-phan-dai-quy-gia
CÔNG TY CỔ PHẦN ĐẠI QUÝ GIA,0107579171,VÕ HOÀI NAM," Số 30 Hoàng Diệu, Phường Điện Biên, Quận Ba Đình, Thành phố Hà Nội, Việt Nam",https://masothue.com/0107579171-cong-ty-co-phan-dai-quy-gia
CÔNG TY TNHH ELECTRIC TATTOO VIỆT NAM,0107743255,NGUYỄN ĐỨC HOÀNG ," Số nhà 10, ngách 5 ngõ 628, đường Hoàng Hoa Thám, Phường Bưởi, Quận Tây Hồ, Thành phố Hà Nội, Việt Nam",https://masothue.com/0107743255-cong-ty-tnhh-electric-tattoo-viet-nam
CÔNG TY TNHH PARK JUN BEAUTY LAB VIET NAM,0108585509,LÊ TRỌNG THIÊM," Tầng 1 Tòa nhà Keangnam Hanoi Landmark Tower, Khu E6, Khu đô thị mới Cầu Giấy, Phường Mễ Trì, Quận Nam Từ Liêm, Thành phố Hà Nội, Việt Nam",https://masothue.com/0108585509-cong-ty-tnhh-park-jun-beauty-lab-viet-nam
CÔNG TY TNHH DỊCH VỤ MASSAGE NGỌC ÁNH,3702659222,NGUYỄN THỊ ÁNH," Số 1/DC76/5 tổ 2, khu phố Hòa Lân 2, Phường Thuận Giao, Thành phố Thuận An, Tỉnh Bình Dương, Việt Nam",https://masothue.com/3702659222-cong-ty-tnhh-dich-vu-massage-ngoc-anh
CÔNG TY TNHH ĐẦU TƯ TM VÀ DV THỦY THANH,3301627054,NGUYỄN THỊ THU THỦY," Đường Lê Dõng, TDP 3, Thị Trấn Phú Lộc, Huyện Phú Lộc, Tỉnh Thừa Thiên Huế, Việt Nam",https://masothue.com/3301627054-cong-ty-tnhh-dau-tu-tm-va-dv-thuy-thanh
CÔNG TY TNHH THƯƠNG MẠI VÀ DỊCH VỤ SPA AN KHANH,2301027249,VŨ THỊ THANH HUYỀN," Số 123 đường Hồ Ngọc Lân, Khu Y Na 2, Phường Kinh Bắc, Thành phố Bắc Ninh, Tỉnh Bắc Ninh, Việt Nam",https://masothue.com/2301027249-cong-ty-tnhh-thuong-mai-va-dich-vu-spa-an-khanh
DOANH NGHIỆP TƯ NHÂN DỊCH VỤ MASSAGE THANH TRÀ,3702740314,VŨ KHẮC ĐỌN ," 480 Nguyễn Tri Phương, Khu Phố Bình Đường 1, Phường An Bình, Thành phố Dĩ An, Tỉnh Bình Dương, Việt Nam",https://masothue.com/3702740314-doanh-nghiep-tu-nhan-dich-vu-massage-thanh-tra
CÔNG TY TNHH SPA LAGEN,0401954395,ĐOÀN THỊ LINH GIANG," 413 Trần Hưng Đạo, Phường An Hải Tây, Quận Sơn Trà, Thành phố Đà Nẵng, Việt Nam",https://masothue.com/0401954395-cong-ty-tnhh-spa-lagen
CÔNG TY TNHH LÊ VÂN SPA,1702111337,LÊ THỊ ĐẸP," 79 Trần Hưng Đạo, khu phố 7, Thị Trấn Dương Đông, Huyện Phú Quốc, Tỉnh Kiên Giang, Việt Nam",https://masothue.com/1702111337-cong-ty-tnhh-le-van-spa
CÔNG TY TNHH DỊCH VỤ GET VIỆT NAM,0315623255,NGUYỄN THỊ LINH," 30 Đường số 30, Phường Bình Trị Đông B, Quận Bình Tân, Thành phố Hồ Chí Minh, Việt Nam",https://masothue.com/0315623255-cong-ty-tnhh-dich-vu-get-viet-nam
CÔNG TY TNHH CHANH SẢ,0401971111,HOÀNG THỊ THU NGÂN," 111 Thanh Thủy, Phường Thanh Bình, Quận Hải Châu, Thành phố Đà Nẵng, Việt Nam",https://masothue.com/0401971111-cong-ty-tnhh-chanh-sa
CÔNG TY TNHH CHĂM SÓC MẸ VÀ BÉ NGUYỆT HÀ,0108722642,HOÀNG THỊ HÀ," Số 125 ngõ 102 đường Khuất Duy Tiến, Phường Nhân Chính, Quận Thanh Xuân, Thành phố Hà Nội, Việt Nam",https://masothue.com/0108722642-cong-ty-tnhh-cham-soc-me-va-be-nguyet-ha
CÔNG TY TNHH DỊCH VỤ QUEEN SPA,0315654768,DƯƠNG THỊ BÉ NGOẢN," Số 379-381, Đường Vành Đai Trong, Phường Bình Trị Đông B, Quận Bình Tân, Thành phố Hồ Chí Minh, Việt Nam",https://masothue.com/0315654768-cong-ty-tnhh-dich-vu-queen-spa
CÔNG TY TNHH DỊCH VỤ MI MO SA,0315723242,NGUYỄN THỊ HIỀN," 135/37 Nguyễn Hữu Cảnh, Phường 22, Quận Bình Thạnh, Thành phố Hồ Chí Minh, Việt Nam",https://masothue.com/0315723242-cong-ty-tnhh-dich-vu-mi-mo-sa
CÔNG TY TNHH RELAXING SPA SAKURA,0108785787,NGÔ THỊ THẢO," Số 100 Phan Kế Bính, Phường Cống Vị, Quận Ba Đình, Thành phố Hà Nội, Việt Nam",https://masothue.com/0108785787-cong-ty-tnhh-relaxing-spa-sakura
CÔNG TY TRÁCH NHIỆM HỮU HẠN MỘT THÀNH VIÊN THƯƠNG MẠI VÀ DỊCH VỤ GRACE BEAUTY,3301654298,ĐẶNG PHƯƠNG THẢO," 50 Đoàn Hữu Trưng, Phường Phước Vĩnh, Thành phố Huế, Tỉnh Thừa Thiên Huế, Việt Nam",https://masothue.com/3301654298-cong-ty-trach-nhiem-huu-han-mot-thanh-vien-thuong-mai-va-dich-vu-grace-beauty
CÔNG TY CỔ PHẦN CHĂM SÓC SỨC KHỎE & LÀM ĐẸP ƯU ĐÀM,0108858724,NGUYỄN THỊ THU HẰNG," Lô E1 khu Bồ Hỏa, Lương Văn Can, Phường Hà Cầu, Quận Hà Đông, Thành phố Hà Nội, Việt Nam",https://masothue.com/0108858724-cong-ty-co-phan-cham-soc-suc-khoe-lam-dep-uu-dam
CÔNG TY TNHH THẨM MỸ VIỆN JULY PHAN,0315933105,PHAN THỊ THANH DUNG," 495 Huỳnh Văn Bánh, Phường 14, Quận Phú Nhuận, Thành phố Hồ Chí Minh, Việt Nam",https://masothue.com/0315933105-cong-ty-tnhh-tham-my-vien-july-phan
CÔNG TY TNHH THƯƠNG MẠI VÀ DỊCH VỤ SWEETHOME VIỆT NAM,0107535047,HÀ THỊ HẢI HÀ," P3 - N3, tập thể Cục Ô tô máy kéo, đường Bưởi, Phường Cống Vị, Quận Ba Đình, Thành phố Hà Nội, Việt Nam",https://masothue.com/0107535047-cong-ty-tnhh-thuong-mai-va-dich-vu-sweethome-viet-nam
CÔNG TY TRÁCH NHIỆM HỮU HẠN MỘT THÀNH VIÊN HAN EM,0401783453,ĐÀO THỊ HUỆ," 80 Dương Tự Minh, Phường Phước Mỹ, Quận Sơn Trà, Thành phố Đà Nẵng, Việt Nam",https://masothue.com/0401783453-cong-ty-trach-nhiem-huu-han-mot-thanh-vien-han-em
DOANH NGHIỆP TƯ NHÂN MASSAGE THUẬN THUẬN LỢI,1101763112,NGUYỄN THỊ BÍCH LIỄU," Số 141, đường Nguyễn Minh Đường, Phường 4, Thành phố Tân An, Tỉnh Long An, Việt Nam",https://masothue.com/1101763112-doanh-nghiep-tu-nhan-massage-thuan-thuan-loi
DOANH NGHIỆP TƯ NHÂN HOA PHI YẾN,1701983871,CHU THỊ UYÊN," Số 67A đường Nguyễn Bỉnh Khiêm, Phường Vĩnh Thanh, Thành phố Rạch Giá, Tỉnh Kiên Giang, Việt Nam",https://masothue.com/1701983871-doanh-nghiep-tu-nhan-hoa-phi-yen
DOANH NGHIỆP TƯ NHÂN DỊCH VỤ DẠ THẢO,3301550179,LƯU THỊ THỦY," 39 Tùng Thiện Vương, Phường Vỹ Dạ, Thành phố Huế, Tỉnh Thừa Thiên Huế, Việt Nam",https://masothue.com/3301550179-doanh-nghiep-tu-nhan-dich-vu-da-thao
DOANH NGHIỆP TƯ NHÂN DỊCH VỤ MASSAGE SEN,0106364705,TẤT YẾN BÌNH," Số nhà 325 Giảng Võ, Phường Cát Linh, Quận Đống Đa, Thành phố Hà Nội, Việt Nam",https://masothue.com/0106364705-doanh-nghiep-tu-nhan-dich-vu-massage-sen
DOANH NGHIỆP TƯ NHÂN HỒNG HẢI HỮU,1101782122,XÔI XỔI QUAY," Đường Nguyễn Văn Tuôi, khu phố 6, Thị Trấn Bến Lức, Huyện Bến Lức, Tỉnh Long An, Việt Nam",https://masothue.com/1101782122-doanh-nghiep-tu-nhan-hong-hai-huu
DOANH NGHIỆP TƯ NHÂN LAN THƯỢNG,1702063651,TRƯƠNG VĂN MƯỜI," Tổ 1, Khu phố 10, Thị Trấn Dương Đông, Huyện Phú Quốc, Tỉnh Kiên Giang, Việt Nam",https://masothue.com/1702063651-doanh-nghiep-tu-nhan-lan-thuong
CHI NHÁNH DOANH NGHIỆP TƯ NHÂN KHÁCH SẠN KHOA ĐẠT,5800586914-001,NGUYỄN VĂN THẢO," Khu 3, Thị Trấn Lộc Thắng, Huyện Bảo Lâm, Tỉnh Lâm Đồng, Việt Nam",https://masothue.com/5800586914-001-chi-nhanh-doanh-nghiep-tu-nhan-khach-san-khoa-dat
DOANH NGHIỆP TƯ NHÂN TÙNG LÂM NHA TRANG,4201576954,VÕ THỊ BÍCH TRÂM," 94/12 Nguyễn Thị Minh Khai, Phường Phước Hòa, Thành phố Nha Trang, Tỉnh Khánh Hòa, Việt Nam",https://masothue.com/4201576954-doanh-nghiep-tu-nhan-tung-lam-nha-trang
DOANH NGHIỆP TN LÊ THANH TIỀN - CHI NHÁNH NHÃ MY,2000424242-003,LÊ THANH TUYỀN," Số 467, đường Nguyễn Trãi, Khóm 6, Phường 9, Thành phố Cà Mau, Tỉnh Cà Mau, Việt Nam",https://masothue.com/2000424242-003-doanh-nghiep-tn-le-thanh-tien-chi-nhanh-nha-my
CHI NHÁNH SÔNG HƯƠNG II,2000436086-001,NGUYỄN VĂN CƯỜNG," Số 148/B, đường Nguyễn Tất Thành, khóm 1, Phường 8, Thành phố Cà Mau, Tỉnh Cà Mau, Việt Nam",https://masothue.com/2000436086-001-chi-nhanh-song-huong-ii
CHI NHÁNH DOANH NGHIỆP TN XUẤT NHẬP KHẨU VÀ DỊCH VỤ MŨI NÉ,3401055770-001,ĐÀO HUY TOÀN," 54 An Dương Vương, Khu phố Ninh Chữ 2, Thị Trấn Khánh Hải, Huyện Ninh Hải, Tỉnh Ninh Thuận, Việt Nam",https://masothue.com/3401055770-001-chi-nhanh-doanh-nghiep-tn-xuat-nhap-khau-va-dich-vu-mui-ne
DOANH NGHIỆP TƯ NHÂN DỊCH VỤ TẮM HƠI - MASSAGE HOÀNG MAI,6300258681,TRÌNH THỊ KIM TUYẾN," Số 08, đường Lưu Hữu Phước, Khu vực 1, Phường I, Thành phố Vị Thanh, Tỉnh Hậu Giang, Việt Nam",https://masothue.com/6300258681-doanh-nghiep-tu-nhan-dich-vu-tam-hoi-massage-hoang-mai
DOANH NGHIỆP TƯ NHÂN DỊCH VỤ KỲ HÒA,3502325293,PHẠM THỊ LÝ," 30-32 Trần Phú, Phường 1, Thành phố Vũng Tàu, Tỉnh Bà Rịa - Vũng Tàu, Việt Nam",https://masothue.com/3502325293-doanh-nghiep-tu-nhan-dich-vu-ky-hoa
CHI NHÁNH DOANH NGHIỆP TƯ NHÂN NGỌC THI PHÚ QUỐC,1702049304-001,NGÔ VĂN HÙNG," Tổ 8, ấp Suối Lớn, Xã Dương Tơ, Huyện Phú Quốc, Tỉnh Kiên Giang, Việt Nam",https://masothue.com/1702049304-001-chi-nhanh-doanh-nghiep-tu-nhan-ngoc-thi-phu-quoc
DOANH NGHIỆP TƯ NHÂN DỊCH VỤ ỐC ĐẢO HẢI LONG,0106383306,TRẦN LONG VÂN," Số 161 Phố Xã Đàn, Phường Phương Liên, Quận Đống Đa, Thành phố Hà Nội, Việt Nam",https://masothue.com/0106383306-doanh-nghiep-tu-nhan-dich-vu-oc-dao-hai-long
CÔNG TY TNHH LOTUS LUXURY SPA,4201763376,GIANG PHƯỚC AN," Km 11, Đại lộ Nguyễn Tất Thành, Xã Cam Hải Đông, Huyện Cam Lâm, Tỉnh Khánh Hòa, Việt Nam",https://masothue.com/4201763376-cong-ty-tnhh-lotus-luxury-spa
CÔNG TY TNHH DỊCH VỤ ĐẢO MÂY,0105918446,VŨ SINH HOAN," Thôn Phương Quan, Xã Vân Côn, Huyện Hoài Đức, Thành phố Hà Nội, Việt Nam",https://masothue.com/0105918446-cong-ty-tnhh-dich-vu-dao-may
CÔNG TY TNHH MỘT THÀNH VIÊN PHƯỚC PHƯỚC NGUYÊN TÂN CHÂU,1601858041,HÀ HỮU PHƯỚC," Khóm Long An B, Phường Long Phú, Thị xã Tân Châu, Tỉnh An Giang, Việt Nam",https://masothue.com/1601858041-cong-ty-tnhh-mot-thanh-vien-phuoc-phuoc-nguyen-tan-chau
CÔNG TY TNHH ĐẦU TƯ THƯƠNG MẠI KIM NGUYÊN VIỆT NAM,2300862494,NGUYỄN THỊ THANH HÒA," Số 02, đường Nguyễn Viết Xuân, Phường Ninh Xá, Thành phố Bắc Ninh, Tỉnh Bắc Ninh, Việt Nam",https://masothue.com/2300862494-cong-ty-tnhh-dau-tu-thuong-mai-kim-nguyen-viet-nam
DOANH NGHIỆP TƯ NHÂN MASSAGE HƯNG THỊNH PHÁT,3702465146,MAI MỶ PHƯƠNG," Số 9/8, Khu phố Bình Đường 2, Phường An Bình, Thành phố Dĩ An, Tỉnh Bình Dương, Việt Nam",https://masothue.com/3702465146-doanh-nghiep-tu-nhan-massage-hung-thinh-phat
CÔNG TY TNHH BODY WORK VIỆT NAM,3702304621,MASATSUGU ONO," Lô F27, tầng 1, Trung tâm mua sắm Aeon- Bình Dương Canary, Đại lộ Bình Dương, Phường Bình Hòa, Thành phố Thuận An, Tỉnh Bình Dương, Việt Nam",https://masothue.com/3702304621-cong-ty-tnhh-body-work-viet-nam
CHI NHÁNH HOÀNG GIA 1 - DOANH NGHIỆP TN MASSAGE THƯỢNG HẢI,3401016690-004,HỒ HOÀNG BẢO," 370 Thủ Khoa Huân, Phường Phú Thủy, Thành phố Phan Thiết, Tỉnh Bình Thuận, Việt Nam",https://masothue.com/3401016690-004-chi-nhanh-hoang-gia-1-doanh-nghiep-tn-massage-thuong-hai
CÔNG TY TNHH PHƯƠNG NAIL SPA,3401126855,LÝ UYÊN PHƯƠNG," 15 Nguyễn Đình Chiểu, Phường Hàm Tiến, Thành phố Phan Thiết, Tỉnh Bình Thuận, Việt Nam",https://masothue.com/3401126855-cong-ty-tnhh-phuong-nail-spa
CHI NHÁNH TẠI ĐÀ NẴNG - CÔNG TY TNHH KIM ANH BEAUTY CARE,0107432027-004,NGUYỄN VÕ HÙNG," Tầng 5, 115 Nguyễn Văn Linh, Phường Nam Dương, Quận Hải Châu, Thành phố Đà Nẵng, Việt Nam",https://masothue.com/0107432027-004-chi-nhanh-tai-da-nang-cong-ty-tnhh-kim-anh-beauty-care
CÔNG TY TNHH MASSAGE XÔNG HƠI SAO VIỆT,0313756404,MAI VĂN HÒA," 802 Phạm Văn Đồng, Khu Phố 5, Phường Hiệp Bình Chánh, Quận Thủ Đức, Thành phố Hồ Chí Minh, Việt Nam",https://masothue.com/0313756404-cong-ty-tnhh-massage-xong-hoi-sao-viet
CÔNG TY TNHH SNICE SPA,3603352409,TRỊNH THỊ UYÊN PHƯƠNG," 8/1 Quốc lộ 1A, KP 7, Phường Tân Hòa, Thành phố Biên Hoà, Tỉnh Đồng Nai, Việt Nam",https://masothue.com/3603352409-cong-ty-tnhh-snice-spa
CÔNG TY TNHH THƯƠNG MẠI DỊCH VỤ NHÀ HÀNG - SPA HỒNG ANH,3702406609,LÊ CÔNG BÌNH," Lô D1 - Ô16, Ô17, Phường Chánh Nghĩa, Thành phố Thủ Dầu Một, Tỉnh Bình Dương, Việt Nam",https://masothue.com/3702406609-cong-ty-tnhh-thuong-mai-dich-vu-nha-hang-spa-hong-anh
CÔNG TY TNHH MỘT THÀNH VIÊN THƯ GIẢN THẢO MỘC P Q,1701908793,HUỲNH THỊ THANH HIỀN," Số 68 đường Trần Hưng Đạo, khu phố 7, Thị Trấn Dương Đông, Huyện Phú Quốc, Tỉnh Kiên Giang, Việt Nam",https://masothue.com/1701908793-cong-ty-tnhh-mot-thanh-vien-thu-gian-thao-moc-p-q
CÔNG TY TNHH SPA - ĐY VIỆT NAM,0106380231,NGUYỄN THỊ PHƯỢNG," Số nhà 37A, ngõ 97 phố Văn Cao, Phường Liễu Giai, Quận Ba Đình, Thành phố Hà Nội, Việt Nam",https://masothue.com/0106380231-cong-ty-tnhh-spa-dy-viet-nam
CÔNG TY TNHH MỘT THÀNH VIÊN HỒ NGỌC - BẾN LỨC,1101738162,NGUYỄN THỊ HOA," 52 Nguyễn Văn Siêu, khu phố 3, Thị Trấn Bến Lức, Huyện Bến Lức, Tỉnh Long An, Việt Nam",https://masothue.com/1101738162-cong-ty-tnhh-mot-thanh-vien-ho-ngoc-ben-luc
CÔNG TY TNHH MTV LALA SPA,0401926729,HÀ THỊ LUYẾN," 56 Thái Phiên, Phường Phước Ninh, Quận Hải Châu, Thành phố Đà Nẵng, Việt Nam",https://masothue.com/0401926729-cong-ty-tnhh-mtv-lala-spa
CÔNG TY TNHH THẨM MỸ VIỆN CAMELLIA,1101894468,NGUYỄN THỊ NGỌC TRANG," Nhà số 9 Đường số 7, KDC Thuận Đạo, Thị Trấn Bến Lức, Huyện Bến Lức, Tỉnh Long An, Việt Nam",https://masothue.com/1101894468-cong-ty-tnhh-tham-my-vien-camellia
CÔNG TY TNHH MỘT THÀNH VIÊN TRUNG TÂM TRỊ LIỆU DA CÔNG NGHỆ CAO AMI WON,5901048486,LÊ TRỊNH THỊ PHƯƠNG THẢO," 496A Lê Duẩn, Phường Thắng Lợi, Thành phố Pleiku, Tỉnh Gia Lai, Việt Nam",https://masothue.com/5901048486-cong-ty-tnhh-mot-thanh-vien-trung-tam-tri-lieu-da-cong-nghe-cao-ami-won
CÔNG TY TNHH MỘT THÀNH VIÊN HOÀNG KIM HÙNG,4201710649,NGÔ QUỐC HÙNG," 6A Trần Quang Khải, Phường Lộc Thọ, Thành phố Nha Trang, Tỉnh Khánh Hòa, Việt Nam",https://masothue.com/4201710649-cong-ty-tnhh-mot-thanh-vien-hoang-kim-hung
CÔNG TY TNHH MỘT THÀNH VIÊN DHSDVINA,0401720358,HUỲNH THỊ LÂM," 16 Lê Tấn Toán, Phường An Hải Bắc, Quận Sơn Trà, Thành phố Đà Nẵng, Việt Nam",https://masothue.com/0401720358-cong-ty-tnhh-mot-thanh-vien-dhsdvina
CHI NHÁNH TẠI LÀO CAI-CÔNG TY CỔ PHẦN THẨM MỸ MINH CHÂU ASIAN,0107523637-001,NGUYỄN HUẤN THỊ," Số 119, Đường Quy Hóa, Phường Kim Tân, Thành phố Lào Cai, Tỉnh Lào Cai, Việt Nam",https://masothue.com/0107523637-001-chi-nhanh-tai-lao-cai-cong-ty-co-phan-tham-my-minh-chau-asian
CÔNG TY TRÁCH NHIỆM HỮU HẠN MỘT THÀNH VIÊN TRÂM PHẠM-CHI NHÁNH 1,0314708040-002,TÔ THỊ MỸ HẠNH," Số 79, Đường Âu Cơ, Ấp Hiệp An, Xã Hiệp Tân, Thị xã Hoà Thành, Tỉnh Tây Ninh, Việt Nam",https://masothue.com/0314708040-002-cong-ty-trach-nhiem-huu-han-mot-thanh-vien-tram-pham-chi-nhanh-1
CÔNG TY TRÁCH NHIỆM HỮU HẠN MỘT THÀNH VIÊN NGUYỄN MINH HẢO,3200574818,NGUYỄN THỊ MINH HẢO," Số 75B Nguyễn Huệ, Phường 1, Thành phố Đông Hà, Tỉnh Quảng Trị, Việt Nam",https://masothue.com/3200574818-cong-ty-trach-nhiem-huu-han-mot-thanh-vien-nguyen-minh-hao
CÔNG TY TNHH MTV DỊCH VỤ YT,0401843021,NGUYỄN THỊ HỒNG DÂN," Lô 22 Võ Văn Kiệt, Phường An Hải Đông, Quận Sơn Trà, Thành phố Đà Nẵng, Việt Nam",https://masothue.com/0401843021-cong-ty-tnhh-mtv-dich-vu-yt
CÔNG TY TNHH MỘT THÀNH VIÊN SAKURA SPA,3702421389,NGUYỄN THỊ THANH," C193 The Oasis 1, Đường D33, Khu dân cư Việt Sing, Phường An Phú, Thành phố Thuận An, Tỉnh Bình Dương, Việt Nam",https://masothue.com/3702421389-cong-ty-tnhh-mot-thanh-vien-sakura-spa
CÔNG TY TNHH MTV THƯƠNG MẠI & DỊCH VỤ NAM ANH THƯ,0401754597,NGÔ THỊ QUỲNH NHANG," Lô 22 Võ Văn Kiệt, Phường An Hải Đông, Quận Sơn Trà, Thành phố Đà Nẵng, Việt Nam",https://masothue.com/0401754597-cong-ty-tnhh-mtv-thuong-mai-dich-vu-nam-anh-thu
CÔNG TY CỔ PHẦN VIỆN THẨM MỸ KISA,0314440072,NGUYỄN THỊ TUYỀN," 543/23 Nguyễn Duy Trinh, Phường Bình Trưng Đông, Quận 2, Thành phố Hồ Chí Minh, Việt Nam",https://masothue.com/0314440072-cong-ty-co-phan-vien-tham-my-kisa
CÔNG TY TNHH TRƯƠNG VĨNH LỘC,4600978246,TRƯƠNG VĂN SÁU," Xóm Phú Thịnh, Xã Thuận Thành, Thị xã Phổ Yên, Tỉnh Thái Nguyên, Việt Nam",https://masothue.com/4600978246-cong-ty-tnhh-truong-vinh-loc
CÔNG TY TNHH MỘT THÀNH VIÊN NHẬT NGUYỆT HG,5100445756,LÝ THỊ CHIÊM," Số nhà 15C, đường Nguyễn Trãi, tổ 18, Phường Nguyễn Trãi, Thành Phố Hà Giang, Tỉnh Hà Giang, Việt Nam",https://masothue.com/5100445756-cong-ty-tnhh-mot-thanh-vien-nhat-nguyet-hg
CÔNG TY TNHH DỊCH VỤ CAO CẤP TRƯỜNG HẢI,0106494373,ĐỖ THỊ HẢI," Số nhà 196, phố Vĩnh Hưng, Phường Vĩnh Hưng, Quận Hoàng Mai, Thành phố Hà Nội, Việt Nam",https://masothue.com/0106494373-cong-ty-tnhh-dich-vu-cao-cap-truong-hai
CÔNG TY TNHH MỘT THÀNH VIÊN DỊCH VỤ THƯƠNG MẠI MR LIỆT - CHI NHÁNH QUẢNG TRỊ,2001293017-002,NGUYỄN VĂN LIỆT," Tầng 4, Khách sạn Mường Thanh, Số 68 Lê Duẩn, Khu phố 9, Phường 1, Thành phố Đông Hà, Tỉnh Quảng Trị, Việt Nam",https://masothue.com/2001293017-002-cong-ty-tnhh-mot-thanh-vien-dich-vu-thuong-mai-mr-liet-chi-nhanh-quang-tri
CHI NHÁNH CÔNG TY TNHH MỘT THÀNH VIÊN DỊCH VỤ THƯƠNG MẠI MR LIỆT TẠI QUẢNG BÌNH,2001293017-001,NGUYỄN VĂN LIỆT," Tầng 1, Khách sạn Mường Thanh Quảng Bình, Số 119, Trương Pháp, Phường Hải Thành, Thành phố Đồng Hới, Tỉnh Quảng Bình, Việt Nam",https://masothue.com/2001293017-001-chi-nhanh-cong-ty-tnhh-mot-thanh-vien-dich-vu-thuong-mai-mr-liet-tai-quang-binh
CÔNG TY TNHH THƯƠNG MẠI VÀ DỊCH VỤ VIC PLUS,2300994444,THÂN HOÀNG HÀ," Số nhà 11A, đường Võ Cường 12, khu Hòa Đình, Phường Võ Cường, Thành phố Bắc Ninh, Tỉnh Bắc Ninh, Việt Nam",https://masothue.com/2300994444-cong-ty-tnhh-thuong-ma-i-va-di-ch-vu-vic-plus
CÔNG TY TNHH THẨM MỸ VIỆN ELSA,0108051426,TRẦN THỊ MAI PHƯƠNG," Số 405 đường Nguyễn Khang, Tổ 4, Phường Yên Hoà, Quận Cầu Giấy, Thành phố Hà Nội, Việt Nam",https://masothue.com/0108051426-cong-ty-tnhh-tham-my-vien-elsa
CÔNG TY TNHH THƯƠNG MẠI DỊCH VỤ ĐÀO TẠO NGỌC LAM,0107811314,NGUYỄN HỒNG NGỌC ," Số 99 Mạc Thái Tổ, Phường Yên Hoà, Quận Cầu Giấy, Thành phố Hà Nội, Việt Nam",https://masothue.com/0107811314-cong-ty-tnhh-thuong-mai-dich-vu-dao-tao-ngoc-lam
CÔNG TY CỔ PHẦN THƯƠNG MẠI DỊCH VỤ CHĂM SÓC VÀ LÀM ĐẸP CALLA,0106887039,QUÁCH LINH CHI," Số 10A hẻm 14, ngách 40, ngõ 79 Cầu Giấy, Phường Yên Hoà, Quận Cầu Giấy, Thành phố Hà Nội, Việt Nam",https://masothue.com/0106887039-cong-ty-co-phan-thuong-mai-dich-vu-cham-soc-va-lam-dep-calla
DOANH NGHIỆP TƯ NHÂN DỊCH VỤ SEN SPA,0106471827,NGUYỄN THỊ TUYẾT NGA," Số nhà 27, Ngõ 16 Phố Huỳnh Thúc Kháng, Phường Láng Hạ, Quận Đống Đa, Thành phố Hà Nội, Việt Nam",https://masothue.com/0106471827-doanh-nghiep-tu-nhan-dich-vu-sen-spa
CÔNG TY TNHH THƯƠNG MẠI VÀ DỊCH VỤ DIỆU NGỌC,0107972167,VĂN DIỆU NGỌC," Số 5, ngõ 6, khu Cầu Đơ 5, Phường Hà Cầu, Quận Hà Đông, Thành phố Hà Nội, Việt Nam",https://masothue.com/0107972167-cong-ty-tnhh-thuong-mai-va-dich-vu-dieu-ngoc
CÔNG TY TNHH DỊCH VỤ VÀ PHÁT TRIỂN THƯƠNG MẠI MINH THÀNH,0106676648,TRẦN KIỀU LY," Số 43 Lê Ngọc Hân, Phường Phạm Đình Hổ, Quận Hai Bà Trưng, Thành phố Hà Nội, Việt Nam",https://masothue.com/0106676648-cong-ty-tnhh-dich-vu-va-phat-trien-thuong-mai-minh-thanh
CHI NHÁNH CÔNG TY TNHH ĐẦU TƯ VÀ PHÁT TRIỂN LAM CÚC,0106440811-001,NGUYỄN THỊ KIM CÚC," 60 Sương Nguyệt Ánh, Phường Bến Thành, Quận 1, Thành phố Hồ Chí Minh, Việt Nam",https://masothue.com/0106440811-001-chi-nhanh-cong-ty-tnhh-dau-tu-va-phat-trien-lam-cuc
CÔNG TY TNHH DỊCH VỤ MIDO VIỆT NAM,0107430340,NGÔ VĂN PHONG ," Số 13 Hàng Bè, Phường Hàng Bạc, Quận Hoàn Kiếm, Thành phố Hà Nội, Việt Nam",https://masothue.com/0107430340-cong-ty-tnhh-dich-vu-mido-viet-nam
CÔNG TY TNHH GLOVI HÀ NỘI,0107822764,ĐỖ HẢI VÂN," Kiot 4, Nơ 6B, bán đảo Linh Đàm, đường Nguyễn Duy Trinh, Phường Hoàng Liệt, Quận Hoàng Mai, Thành phố Hà Nội, Việt Nam",https://masothue.com/0107822764-cong-ty-tnhh-glovi-ha-noi
CÔNG TY TNHH MINA HÀ NỘI,0106850374,NGUYỄN THỊ THU HƯƠNG," Số 52 phố Vương Thừa Vũ, Phường Khương Trung, Quận Thanh Xuân, Thành phố Hà Nội, Việt Nam",https://masothue.com/0106850374-cong-ty-tnhh-mina-ha-noi
CÔNG TY CỔ PHẦN BIG HEALTH AND BEAUTY,0107339437,NGUYỄN MẠNH HÀ," Tầng 4, tòa nhà 25T2, khu N05, khu đô thị Đông Nam Trần Duy Hưng, Phường Trung Hoà, Quận Cầu Giấy, Thành phố Hà Nội, Việt Nam",https://masothue.com/0107339437-cong-ty-co-phan-big-health-and-beauty
CÔNG TY TNHH TM DV SPA THIÊN PHÚC,4201670354,HUỲNH VĂN LUÂN," 8/3 Nguyễn Thiện Thuật, Phường Tân Lập, Thành phố Nha Trang, Tỉnh Khánh Hòa, Việt Nam",https://masothue.com/4201670354-cong-ty-tnhh-tm-dv-spa-thien-phuc
CÔNG TY TNHH CHĂM SÓC DA NGỌC ANH SPA,1702122875,NGÔ THỊ LINH XUÂN," Số 14E đường Lý Thường Kiệt, khu phố 5, Thị Trấn Dương Đông, Huyện Phú Quốc, Tỉnh Kiên Giang, Việt Nam",https://masothue.com/1702122875-cong-ty-tnhh-cham-soc-da-ngoc-anh-spa
DOANH NGHIỆP TƯ NHÂN TÚC ĐẠO,5300723094,PHẠM THỊ NGA," Số nhà 015, Phố Nguyễn Thị Định, Phường Bắc Cường, Thành phố Lào Cai, Tỉnh Lào Cai, Việt Nam",https://masothue.com/5300723094-doanh-nghiep-tu-nhan-tuc-dao
CÔNG TY TNHH PAMAS VIỆT TRÌ,2600987046,HÀ THỊ SOẠN," Khu đô thị và nhà ở Tân Dân, Phường Tân Dân, Thành phố Việt Trì, Tỉnh Phú Thọ, Việt Nam",https://masothue.com/2600987046-cong-ty-tnhh-pamas-viet-tri
DOANH NGHIỆP TƯ NHÂN ÁNH SÁNG KHIẾM THỊ,4401034902,HUỲNH CÔNG HẠNH," Số 229 Lê Trung Kiên, Phường 2, TP Tuy Hoà, Tỉnh Phú Yên, Việt Nam",https://masothue.com/4401034902-doanh-nghiep-tu-nhan-anh-sang-khiem-thi
CÔNG TY TNHH MỘT THÀNH VIÊN ONE ONE HỘI AN,4001127408,LÊ VIẾT GIANG," 56 Phan Đăng Lưu, Phường Tân An, Thành phố Hội An, Tỉnh Quảng Nam, Việt Nam",https://masothue.com/4001127408-cong-ty-tnhh-mot-thanh-vien-one-one-hoi-an
CÔNG TY TNHH MTV LALY,5701809870,CHU THẾ MẠNH," SN 52, đường Cao Thắng, Phường Trần Hưng Đạo, Thành phố Hạ Long, Tỉnh Quảng Ninh, Việt Nam",https://masothue.com/5701809870-cong-ty-tnhh-mtv-laly
DOANH NGHIỆP TƯ NHÂN LÀM ĐẸP PHƯƠNG LIÊN,5701706201,ĐÀO THỊ KIM LIÊN," SN 36, tổ 20, khu 3, Phường Trưng Vương, Thành phố Uông Bí, Tỉnh Quảng Ninh, Việt Nam",https://masothue.com/5701706201-doanh-nghiep-tu-nhan-lam-dep-phuong-lien
CÔNG TY TNHH HOA ĐỆ NHẤT TẤN PHÁT,3901241006,PHẠM THỊ HOA," Tổ 3, ấp An Bình, Xã An Tịnh, Thị xã Trảng Bàng, Tỉnh Tây Ninh, Việt Nam",https://masothue.com/3901241006-cong-ty-tnhh-hoa-de-nhat-tan-phat
DOANH NGHIỆP TƯ NHÂN HOA ĐIỆT,1001104250,BÙI THỊ HOA," Số nhà 01, ngõ 209, đường Trần Thái Tông, tổ 24, Phường Trần Hưng Đạo, Thành phố Thái Bình, Tỉnh Thái Bình, Việt Nam",https://masothue.com/1001104250-doanh-nghiep-tu-nhan-hoa-diet
CÔNG TY TNHH DỊCH VỤ THƯƠNG MẠI LỘC PHÁT TH,2802553901,LÂM MỘNG CẦM," Tầng 2, Khách sạn Lam Kinh, Đại lộ Lê Lợi, Khu đô thị mới Đông Hương, Phường Đông Hương, Thành phố Thanh Hoá, Tỉnh Thanh Hoá, Việt Nam",https://masothue.com/2802553901-cong-ty-tnhh-dich-vu-thuong-mai-loc-phat-th
CHI NHÁNH CÔNG TY CỔ PHẦN TẬP ĐOÀN KHƠ THỊ,0313496361-001,NGUYỄN THỊ THU HOÀI," 49I - 49H Phan Đăng Lưu, Phường 07, Quận Phú Nhuận, Thành phố Hồ Chí Minh, Việt Nam",https://masothue.com/0313496361-001-chi-nhanh-cong-ty-co-phan-tap-doan-kho-thi
CÔNG TY TNHH PHÁT TRIỂN THƯƠNG MẠI DỊCH VỤ DU LỊCH FAMILY,0314317618,TRẦN DIỆU LINH," 37 Đường Nội Khu Hưng Gia 4, Khu Phố 3, Phường Tân Phong, Quận 7, Thành phố Hồ Chí Minh, Việt Nam",https://masothue.com/0314317618-cong-ty-tnhh-phat-trien-thuong-mai-dich-vu-du-lich-family
DOANH NGHIỆP TN XÔNG HƠI - XOA BÓP THANH VŨ 1,1801288247,LÊ VĂN ÚT," 2/100, Lê Lai, Phường An Phú, Quận Ninh Kiều, Thành phố Cần Thơ, Việt Nam",https://masothue.com/1801288247-doanh-nghiep-tn-xong-hoi-xoa-bop-thanh-vu-1
DOANH NGHIỆP TN MẠ NON,2001169203,TÔ VĂN AN," Số 426, đường Trần Văn Thời, khóm 3, Phường 6, Thành phố Cà Mau, Tỉnh Cà Mau, Việt Nam",https://masothue.com/2001169203-doanh-nghiep-tn-ma-non
DOANH NGHIỆP TN THƯỢNG HẢI,2000505727,LÊ THỊ LỆ," Số 158, đường Nguyễn Tất Thành, khóm 1, Phường 8, Thành phố Cà Mau, Tỉnh Cà Mau, Việt Nam",https://masothue.com/2000505727-doanh-nghiep-tn-thuong-hai
DOANH NGHIỆP TN NGỌC HIẾU,2000476219,PHẠM VĂN SỸ," Số 158A, đường Nguyễn Tất Thành, khóm 1, Phường 8, Thành phố Cà Mau, Tỉnh Cà Mau, Việt Nam",https://masothue.com/2000476219-doanh-nghiep-tn-ngoc-hieu
DOANH NGHIỆP TƯ NHÂN THƯƠNG MẠI DỊCH VỤ NGỌC TUYẾN,1801333771,PHAN VĂN ĐẠT," 5/10, Lê Hồng Phong, KVII, Phường Bình Thủy, Quận Bình Thuỷ, Thành phố Cần Thơ, Việt Nam",https://masothue.com/1801333771-doanh-nghiep-tu-nhan-thuong-mai-dich-vu-ngoc-tuyen
CÔNG TY TNHH ĐẦU TƯ THƯƠNG MẠI VÀ DỊCH VỤ MỘC KỲ NAM,0401861662,PHẠM HỮU QUYỀN," 20 Đống Đa, Phường Thuận Phước, Quận Hải Châu, Thành phố Đà Nẵng, Việt Nam",https://masothue.com/0401861662-cong-ty-tnhh-dau-tu-thuong-mai-va-dich-vu-moc-ky-nam
CÔNG TY TNHH MTV PHÁT TRIỂN DỊCH VỤ SONG HAN VINA,0401732642,NGUYỄN THỊ THÙY LIÊN," 11 Hoàng Văn Thụ, Phường Phước Ninh, Quận Hải Châu, Thành phố Đà Nẵng, Việt Nam",https://masothue.com/0401732642-cong-ty-tnhh-mtv-phat-trien-dich-vu-song-han-vina
CÔNG TY TNHH MỘT THÀNH VIÊN DỊCH VỤ WATER CUBE,0401706145,NGUYỄN VĂN LÂM," Số 5 Cách Mạng Tháng 8, Phường Hoà Cường Nam, Quận Hải Châu, Thành phố Đà Nẵng, Việt Nam",https://masothue.com/0401706145-cong-ty-tnhh-mot-thanh-vien-dich-vu-water-cube
DOANH NGHIỆP TƯ NHÂN IVY SPA,0401537521,HỒ LÊ THỊ THẢO UYÊN," 168 Lê Đình Dương, Phường Hải Châu Ii, Quận Hải Châu, Thành phố Đà Nẵng, Việt Nam",https://masothue.com/0401537521-doanh-nghiep-tu-nhan-ivy-spa
CHI NHÁNH CÔNG TY TNHH MTV CHANGMIN VIỆT NAM TẠI BIÊN HÒA,0401767892-002,NGUYỄN VIỆT ANH," Số D16, Khu dân cư thương mại Vĩnh Tường, KP 2, Phường Tân Mai, Thành phố Biên Hoà, Tỉnh Đồng Nai, Việt Nam",https://masothue.com/0401767892-002-chi-nhanh-cong-ty-tnhh-mtv-changmin-viet-nam-tai-bien-hoa
CHI NHÁNH CÔNG TY TNHH MỘT THÀNH VIÊN BEACH PARADISE,0401676620-001,NGUYỄN NGỌC THU HÀ," 46 Hà Bổng, Phường Phước Mỹ, Quận Sơn Trà, Thành phố Đà Nẵng, Việt Nam",https://masothue.com/0401676620-001-chi-nhanh-cong-ty-tnhh-mot-thanh-vien-beach-paradise
CÔNG TY TNHH MỘT THÀNH VIÊN PHÚC LỘC HIẾU,0401542698,NGÔ MINH HIẾU," 130 Điện Biên Phủ, Phường Chính Gián, Quận Thanh Khê, Thành phố Đà Nẵng, Việt Nam",https://masothue.com/0401542698-cong-ty-tnhh-mot-thanh-vien-phuc-loc-hieu
DOANH NGHIỆP TƯ NHÂN MASSAGE 3G,6001553537,NGUYỄN THỊ TUYẾT," Số 102 đường Mai Hắc Đế, Phường Tân Thành, TP.Buôn Ma Thuột, Tỉnh Đắk Lắk, Việt Nam",https://masothue.com/6001553537-doanh-nghiep-tu-nhan-massage-3g
CÔNG TY TNHH DỊCH VỤ MASSAGE MINH VY,6001310213,LÊ XUÂN PHƯỚC," Số 169 đường Trần Hưng Đạo, Phường An Lạc, Thị xã Buôn Hồ, Tỉnh Đắk Lắk, Việt Nam",https://masothue.com/6001310213-cong-ty-tnhh-dich-vu-massage-minh-vy
CÔNG TY TNHH MASSAGE PHƯỚC AN AN,3603525612,VÕ THANH HẢI," Số F125, KP 7, Phường Thống Nhất, Thành phố Biên Hoà, Tỉnh Đồng Nai, Việt Nam",https://masothue.com/3603525612-cong-ty-tnhh-massage-phuoc-an-an
DOANH NGHIỆP TƯ NHÂN CHĂM SÓC SẮC ĐẸP PHƯỢNG HOÀNG,3603314957,DƯƠNG THỊ PHƯỢNG," Số 2057, Nguyễn Ái Quốc, KP 3, Phường Trung Dũng, Thành phố Biên Hoà, Tỉnh Đồng Nai, Việt Nam",https://masothue.com/3603314957-doanh-nghiep-tu-nhan-cham-soc-sac-dep-phuong-hoang
CÔNG TY TNHH THƯƠNG MẠI ĐÔN PHƯƠNG,0700643574,HOÀNG VĂN ĐÔN," Ngã tư Thanh Liêm , Xã Thanh Hà, Huyện Thanh Liêm, Tỉnh Hà Nam, Việt Nam",https://masothue.com/0700643574-cong-ty-tnhh-thuong-mai-don-phuong
CÔNG TY TNHH VẬT LÝ TRỊ LIỆU TOÀN THẮNG,0108320566,NGUYỄN THẮNG," Thôn Hậu Ái, Xã Vân Canh, Huyện Hoài Đức, Thành phố Hà Nội, Việt Nam",https://masothue.com/0108320566-cong-ty-tnhh-vat-ly-tri-lieu-toan-thang
CÔNG TY TNHH DỊCH VỤ CHĂM SÓC SỨC KHỎE HT,0107655640,PHAN THỊ HIẾU," Xóm 4, khu 1, Xã Phượng Cách, Huyện Quốc Oai, Thành phố Hà Nội, Việt Nam",https://masothue.com/0107655640-cong-ty-tnhh-dich-vu-cham-soc-suc-khoe-ht
CÔNG TY TNHH CHĂM SÓC GIA ĐÌNH HẰNG NGA,0106628154,CHU QUANG TUYẾN," Số 30, ngõ 31 Nguyễn Chí Thanh, Phường Ngọc Khánh, Quận Ba Đình, Thành phố Hà Nội, Việt Nam",https://masothue.com/0106628154-cong-ty-tnhh-cham-soc-gia-dinh-hang-nga
CÔNG TY CỔ PHẦN ĐÀO TẠO VÀ DỊCH VỤ TINA ĐỖ,0106952898,ĐỖ THỊ LAN PHƯƠNG," Số nhà 10A, ngách 14, ngõ 376, đường Bưởi, Phường Vĩnh Phúc, Quận Ba Đình, Thành phố Hà Nội, Việt Nam",https://masothue.com/0106952898-cong-ty-co-phan-dao-tao-va-dich-vu-tina-do
CÔNG TY TNHH HELEN BEAUTY VIỆT NAM,0107542774,NGUYỄN THỊ HUYÊN," số 12, ngõ 180 đường Hoàng Quốc Việt, Phường Cổ Nhuế 1, Quận Bắc Từ Liêm, Thành phố Hà Nội, Việt Nam",https://masothue.com/0107542774-cong-ty-tnhh-helen-beauty-viet-nam
CÔNG TY CỔ PHẦN ĐẦU TƯ VÀ DỊCH VỤ GIA VIỆT,0106761702,NGUYỄN LƯƠNG HIỀN," Số 5 Lô A3, ngõ 118 Nguyễn Khánh Toàn, Phường Quan Hoa, Quận Cầu Giấy, Thành phố Hà Nội, Việt Nam",https://masothue.com/0106761702-cong-ty-co-phan-dau-tu-va-dich-vu-gia-viet
CÔNG TY TRÁCH NHIỆM HỮU HẠN MTV 24H BEAUTY ACADEMY,0107798430,NGUYỄN THANH QUÝ," Số 69 ngõ 172 đường Phú Diễn, Phường Phú Diễn, Quận Bắc Từ Liêm, Thành phố Hà Nội, Việt Nam",https://masothue.com/0107798430-cong-ty-trach-nhiem-huu-han-mtv-24h-beauty-academy
CHI NHÁNH CÔNG TY TNHH HÙNG YẾN NGUYỄN TẠI HÀ NỘI,0106814111-001,NGUYỄN THỊ YẾN," C20 Trung Kính - Khu tập thể Học viện hành chính Quốc gia, Phường Yên Hoà, Quận Cầu Giấy, Thành phố Hà Nội, Việt Nam",https://masothue.com/0106814111-001-chi-nhanh-cong-ty-tnhh-hung-yen-nguyen-tai-ha-noi
CÔNG TY TNHH HÙNG YẾN NGUYỄN,0106814111,NGUYỄN THỊ YẾN," Số 95B, phố Trung Kính , Phường Trung Hoà, Quận Cầu Giấy, Thành phố Hà Nội, Việt Nam",https://masothue.com/0106814111-cong-ty-tnhh-hung-yen-nguyen
CÔNG TY CỔ PHẦN DANA BEAUTY,0401872304,DƯƠNG THỊ NGOAN," 455 Trần Hưng Đạo, Phường An Hải Tây, Quận Sơn Trà, Thành phố Đà Nẵng, Việt Nam",https://masothue.com/0401872304-cong-ty-co-phan-dana-beauty
CÔNG TY TNHH THẨM MỸ VIỆN A HOÀNH NINH THUẬN,4500614968,NGUYỄN ĐÌNH HOÀNH," Số 18 Lý Thường Kiệt, Phường Kinh Dinh, TP. Phan Rang-Tháp Chàm, Tỉnh Ninh Thuận, Việt Nam",https://masothue.com/4500614968-cong-ty-tnhh-tham-my-vien-a-hoanh-ninh-thuan
CÔNG TY CỔ PHẦN ĐẦU TƯ VÀ PHÁT TRIỂN GM,0108092461,ĐẶNG NGUYỄN THU NGÂN," N.14B – số 111, ngõ 84, phố Trần Quang Diệu, Phường Ô Chợ Dừa, Quận Đống Đa, Thành phố Hà Nội, Việt Nam",https://masothue.com/0108092461-cong-ty-co-phan-dau-tu-va-phat-trien-gm
CÔNG TY TNHH THƯƠNG MẠI SẢN XUẤT DỊCH VỤ THẨM MỸ TRƯƠNG KIỀU XUÂN CHI NHÁNH THANH HÓA,3300400614-004,NGUYỄN THỊ HUYỀN," Số 197, đường Lê Hoàn, Phường Lam Sơn, Thành phố Thanh Hoá, Tỉnh Thanh Hoá, Việt Nam",https://masothue.com/3300400614-004-cong-ty-tnhh-thuong-mai-san-xuat-dich-vu-tham-my-truong-kieu-xuan-chi-nhanh-thanh-hoa
CÔNG TY TNHH DỊCH VỤ SỨC KHỎE ĐẠI DƯƠNG MỚI,0107868409,LÊ VĂN NAM," BT1, lô 1, khu đô thị Mễ Trì Hạ, Phường Mễ Trì, Quận Nam Từ Liêm, Thành phố Hà Nội, Việt Nam",https://masothue.com/0107868409-cong-ty-tnhh-dich-vu-suc-khoe-dai-duong-moi
CÔNG TY TNHH MTV PERFECT DREAM,0401816099,MAI THỊ THU TRÚC," 101A Hồ Xuân Hương, Phường Mỹ An, Quận Ngũ Hành Sơn, Thành phố Đà Nẵng, Việt Nam",https://masothue.com/0401816099-cong-ty-tnhh-mtv-perfect-dream
CÔNG TY TNHH L.PARADIS BẾN TRE,1301057474,ĐẬU VĂN THÌN," 112/1B, khu phố 2, Thị Trấn Bình Đại, Huyện Bình Đại, Tỉnh Bến Tre, Việt Nam",https://masothue.com/1301057474-cong-ty-tnhh-l-paradis-ben-tre
CÔNG TY TNHH THƯƠNG MẠI DU LỊCH HOÀI ANH,3401131206,NGUYỄN BÌNH ĐỊNH," 16A Huỳnh Thúc Kháng , Phường Hàm Tiến, Thành phố Phan Thiết, Tỉnh Bình Thuận, Việt Nam",https://masothue.com/3401131206-cong-ty-tnhh-thuong-mai-du-lich-hoai-anh
CHI NHÁNH 4 MASSAGE THANH TIỀN I - DOANH NGHIỆP TN LÊ THANH TIỀN,2000424242-004,HỒ PHƯỚC HÒA," 176, Ngô Quyền, Phường 1, Thành phố Cà Mau, Tỉnh Cà Mau, Việt Nam",https://masothue.com/2000424242-004-chi-nhanh-4-massage-thanh-tien-i-doanh-nghiep-tn-le-thanh-tien
CHI NHÁNH DNTN SÔNG HƯƠNG III - MASSAGE NEW,2000436086-002,NGUYỄN VĂN CƯỜNG," Số 297, đường Lý Thường Kiệt, khóm 2, Phường 6, Thành phố Cà Mau, Tỉnh Cà Mau, Việt Nam",https://masothue.com/2000436086-002-chi-nhanh-dntn-song-huong-iii-massage-new
CÔNG TY TNHH CHĂM SÓC SẮC ĐẸP MAI CHI,4001123308,NGUYỄN THỊ HẠNH CHI ," Lô R08-21 Đường Phan Thúc Duyện, Phường Vĩnh Điện, Thị xã Điện Bàn, Tỉnh Quảng Nam, Việt Nam",https://masothue.com/4001123308-cong-ty-tnhh-cham-soc-sac-dep-mai-chi
CÔNG TY TNHH THƯƠNG MẠI DỊCH VỤ IF,0314660776,NGUYỄN ANH TUẤN," 109 Nguyễn Hồng Đào, Phường 14, Quận Tân Bình, Thành phố Hồ Chí Minh, Việt Nam",https://masothue.com/0314660776-cong-ty-tnhh-thuong-mai-dich-vu-if
DOANH NGHIỆP TƯ NHÂN NẮNG MÂY HỒNG,3702431789,NGUYỄN THỊ THỚI," Số 11/19, khu phố Bình Phước B, Phường Bình Chuẩn, Thành phố Thuận An, Tỉnh Bình Dương, Việt Nam",https://masothue.com/3702431789-doanh-nghiep-tu-nhan-nang-may-hong
CÔNG TY TNHH MỘT THÀNH VIÊN ANH PHƯƠNG DUY,1801607969,NGUYỄN THỊ NGỌC HỒ," MG1-01, Vincom Xuân Khánh, số 209 đường 30/4, Phường Xuân Khánh, Quận Ninh Kiều, Thành phố Cần Thơ, Việt Nam",https://masothue.com/1801607969-cong-ty-tnhh-mot-thanh-vien-anh-phuong-duy
CÔNG TY TNHH MỸ VIỆN SARA SKY QUỐC TẾ,0108279702,NGUYỄN THỊ HƯƠNG THÙY," Thôn 2, Xã Song Phương, Huyện Hoài Đức, Thành phố Hà Nội, Việt Nam",https://masothue.com/0108279702-cong-ty-tnhh-my-vien-sara-sky-quoc-te
CÔNG TY TNHH THẨM MỸ SPA KHÁNH PHƯƠNG,0107528988,NGUYỄN THỊ PHƯƠNG," Số 213 Đường Trần Quốc Hoàn, Phường Dịch Vọng Hậu, Quận Cầu Giấy, Thành phố Hà Nội, Việt Nam",https://masothue.com/0107528988-cong-ty-tnhh-tham-my-spa-khanh-phuong
CÔNG TY TNHH 1380 TOTAL BEAUTY,0108536212,VŨ THỊ TUYẾT ," Số 94 Trung Hòa, Phường Trung Hoà, Quận Cầu Giấy, Thành phố Hà Nội, Việt Nam",https://masothue.com/0108536212-cong-ty-tnhh-1380-total-beauty
CÔNG TY CỔ PHẦN CHĂM SÓC SỨC KHỎE VÀ SẮC ĐẸP TRẦN GIA,0107838524,TRẦN BẢO LONG," Số 11 tổ 33, phố Trung Kính, Phường Trung Hoà, Quận Cầu Giấy, Thành phố Hà Nội, Việt Nam",https://masothue.com/0107838524-cong-ty-co-phan-cham-soc-suc-khoe-va-sac-dep-tran-gia
CÔNG TY TNHH IRIS BEAUTY VIỆT NAM,0107537830,LÊ THỊ DUNG," Lô 3, liền kề 4, Khu Đô thị Văn Khê, Phường La Khê, Quận Hà Đông, Thành phố Hà Nội, Việt Nam",https://masothue.com/0107537830-cong-ty-tnhh-iris-beauty-viet-nam
CÔNG TY TNHH DỊCH VỤ VÀ PHÁT TRIỂN THƯƠNG MẠI LÂM GIA,0108364796,NGUYỄN TÙNG LINH ," Số 120 phố Bùi Thị Xuân, Phường Bùi Thị Xuân, Quận Hai Bà Trưng, Thành phố Hà Nội, Việt Nam",https://masothue.com/0108364796-cong-ty-tnhh-dich-vu-va-phat-trien-thuong-mai-lam-gia
CÔNG TY TNHH ĐẦU TƯ PHÁT TRIỂN VÀ DỊCH VỤ TUỆ ANH,0108255317,NGUYỄN HOÀNG ANH ," Số 79 Phố Mai Hắc Đế, Phường Bùi Thị Xuân, Quận Hai Bà Trưng, Thành phố Hà Nội, Việt Nam",https://masothue.com/0108255317-cong-ty-tnhh-dau-tu-phat-trien-va-dich-vu-tue-anh
CÔNG TY TNHH THƯƠNG MẠI VẺ ĐẸP VIỆT,0107472132,HỮU THỊ NGUYỆT," Số 38B, Triệu Việt Vương, Phường Bùi Thị Xuân, Quận Hai Bà Trưng, Thành phố Hà Nội, Việt Nam",https://masothue.com/0107472132-cong-ty-tnhh-thuong-mai-ve-dep-viet
CÔNG TY TNHH TOÀN CẦU R & M,0106191795,TRẦN THỊ THANH XUÂN," Số 29 Lý Quốc Sư, Phường Hàng Trống, Quận Hoàn Kiếm, Thành phố Hà Nội, Việt Nam",https://masothue.com/0106191795-cong-ty-tnhh-toan-cau-r-m
CÔNG TY CỔ PHẦN THƯƠNG MẠI VÀ DỊCH VỤ SKINLAB VIỆT NAM,0108025024,HỒNG NGỌC YẾNLÊ THỊ HUYỀN," Số 291 đường Ngọc Lâm, Phường Ngọc Lâm, Quận Long Biên, Thành phố Hà Nội, Việt Nam",https://masothue.com/0108025024-cong-ty-co-phan-thuong-mai-va-dich-vu-skinlab-viet-nam
CÔNG TY TNHH ĐÁ MUỐI NGHỆ THUẬT NGỌC NHUNG,0107395551,VŨ HỒNG NHUNG," Số 296 đường Nghi Tàm, Phường Yên Phụ, Quận Tây Hồ, Thành phố Hà Nội, Việt Nam",https://masothue.com/0107395551-cong-ty-tnhh-da-muoi-nghe-thuat-ngoc-nhung
CHI NHÁNH DOANH NGHIỆP TƯ NHÂN SÔNG HƯƠNG,1101266865-001,BÙI QUYÊN QUYÊN," Ấp 1, Xã Vĩnh Bình, Huyện Vĩnh Hưng, Tỉnh Long An, Việt Nam",https://masothue.com/1101266865-001-chi-nhanh-doanh-nghiep-tu-nhan-song-huong
DOANH NGHIỆP TƯ NHÂN SÔNG HƯƠNG,1101266865,BÙI QUYÊN QUYÊN," Ấp Hội Xuân, Thị Trấn Tầm Vu, Huyện Châu Thành, Tỉnh Long An, Việt Nam",https://masothue.com/1101266865-doanh-nghiep-tu-nhan-song-huong
TRUNG TÂM THẨM MỸ SPRING TIME - CHI NHÁNH CÔNG TY CỔ PHẦN ĐẦU TƯ LOGICA VIỆT NAM,0105276799-001,TRẦN HỒNG ANH," Số 45C Hàng Bún, Phường Nguyễn Trung Trực, Quận Ba Đình, Thành phố Hà Nội, Việt Nam",https://masothue.com/0105276799-001-trung-tam-tham-my-spring-time-chi-nhanh-cong-ty-co-phan-dau-tu-logica-viet-nam
DOANH NGHIỆP TƯ NHÂN HƯƠNG SEN,1200964606,TRẦN THỊ BÍCH TRÂM," Quốc lộ 1A, Phường 4, Thị Xã Cai Lậy, Tỉnh Tiền Giang, Việt Nam",https://masothue.com/1200964606-doanh-nghiep-tu-nhan-huong-sen
DOANH NGHIỆP TƯ NHÂN THƯƠNG MẠI DỊCH VỤ TỔNG HỢP SƠN THẢO,0105795145,LÊ HỒNG SƠN," Thôn Cao Trung, Xã Đức Giang, Huyện Hoài Đức, Thành phố Hà Nội, Việt Nam",https://masothue.com/0105795145-doanh-nghiep-tu-nhan-thuong-mai-dich-vu-tong-hop-son-thao
CÔNG TY TNHH THƯƠNG MẠI & ĐẦU TƯ HƯNG THỊNH PHÁT,4201258239,CAO DUY TRUYỀN," 24 Nguyễn Thiện Thuật, Phường Tân Lập, Thành phố Nha Trang, Tỉnh Khánh Hòa, Việt Nam",https://masothue.com/4201258239-cong-ty-tnhh-thuong-mai-dau-tu-hung-thinh-phat
DOANH NGHIỆP TƯ NHÂN XUÂN THU NHƠN TRẠCH,3600726039,NGUYỄN THỊ KIỀU XUÂN," Ấp Bến Cam, Xã Phước Thiền, Huyện Nhơn Trạch, Tỉnh Đồng Nai, Việt Nam",https://masothue.com/3600726039-doanh-nghiep-tu-nhan-xuan-thu-nhon-trach
DOANH NGHIỆP TN MASSAGE THIÊN BÌNH,1401373480,HUỲNH THỊ KIM SO," Số 395, Trần Hưng Đạo, khóm 3, Phường 1, Thành phố Sa Đéc, Tỉnh Đồng Tháp, Việt Nam",https://masothue.com/1401373480-doanh-nghiep-tn-massage-thien-binh
CHI NHÁNH CÔNG TY TNHH LỘC TÔ CHÂU,1801002385-006,TRƯƠNG VĂN HOÀNG," Số 358B/25 ấp Phước Ngươn A, Xã Phước Hậu, Huyện Long Hồ, Tỉnh Vĩnh Long, Việt Nam",https://masothue.com/1801002385-006-chi-nhanh-cong-ty-tnhh-loc-to-chau
DOANH NGHIỆP TƯ NHÂN KHẢI HOÀN TG,1201230478,VÕ THANH TUYỀN," Ấp Tân Phong, Xã Tân Lý Tây, Huyện Châu Thành, Tỉnh Tiền Giang, Việt Nam",https://masothue.com/1201230478-doanh-nghiep-tu-nhan-khai-hoan-tg
DOANH NGHIỆP TN HOÀNG KIM PHÚC,1601487051,LÊ THỊ TRANG," Số 73 Quản Cơ Thành, Phường Bình Khánh, Thành phố Long Xuyên , Tỉnh An Giang, Việt Nam",https://masothue.com/1601487051-doanh-nghiep-tn-hoang-kim-phuc
CHI NHÁNH DOANH NGHIỆP TN HOÀNG KIM PHÚC - HOÀNG KIM PHÚC 2,1601487051-001,LÊ THỊ TRANG," Số 509-26 Quản Cơ Thành, Phường Bình Khánh, Thành phố Long Xuyên , Tỉnh An Giang, Việt Nam",https://masothue.com/1601487051-001-chi-nhanh-doanh-nghiep-tn-hoang-kim-phuc-hoang-kim-phuc-2
DOANH NGHIỆP TN MASSAGE THIÊN TÂN,1401314830,LÊ THỊ TƯỜNG VI," Số 272, khóm 2, Thị Trấn Lai Vung, Huyện Lai Vung, Tỉnh Đồng Tháp, Việt Nam",https://masothue.com/1401314830-doanh-nghiep-tn-massage-thien-tan
DOANH NGHIỆP TƯ NHÂN THUẬN PHÁT,1200103325,PHÓ HÒA THUẬN," Số 10 Nguyễn Huệ, Phường 1, Thành phố Mỹ Tho, Tỉnh Tiền Giang, Việt Nam",https://masothue.com/1200103325-doanh-nghiep-tu-nhan-thuan-phat
DOANH NGHIỆP TN THIÊN PHÚ MASAGE,1401628925,LÊ QUANG PHÚ," Số 956A, Tổ 24, Quốc lộ 80, Ấp Tân Thuận, Xã Tân Nhuận Đông, Huyện Châu Thành, Tỉnh Đồng Tháp, Việt Nam",https://masothue.com/1401628925-doanh-nghiep-tn-thien-phu-masage
CÔNG TY TNHH MINH ĐẠI NAM,0401409181,NGUYỄN VĂN TUẤN," 457/14 Hà Huy Tập, Phường An Khê, Quận Thanh Khê, Thành phố Đà Nẵng, Việt Nam",https://masothue.com/0401409181-cong-ty-tnhh-minh-dai-nam
CÔNG TY TNHH MỘT THÀNH VIÊN THẨM MỸ NGỌC BÍCH,3602859997,NGUYỄN THỊ NGỌC BÍCH," Số 5, Lê Thánh Tôn, Phường Thanh Bình, Thành phố Biên Hoà, Tỉnh Đồng Nai, Việt Nam",https://masothue.com/3602859997-cong-ty-tnhh-mot-thanh-vien-tham-my-ngoc-bich
CHI NHÁNH CÔNG TY CỔ PHẦN BỆNH VIỆN HỮU NGHỊ QUỐC TẾ HÀ NỘI TẠI PLEIKU,0106027241-005,HOÀNG MỸ HẠNH," 24 Trần Phú, Phường Tây Sơn, Thành phố Pleiku, Tỉnh Gia Lai, Việt Nam",https://masothue.com/0106027241-005-chi-nhanh-cong-ty-co-phan-benh-vien-huu-nghi-quoc-te-ha-noi-tai-pleiku
CÔNG TY TNHH HƯNG NGHIỆP HOA SEN,0106903562,TRẦN THỤC PHỤNG," TT2.14 Khu đô thị Cổ Nhuế , Phường Cổ Nhuế 1, Quận Bắc Từ Liêm, Thành phố Hà Nội, Việt Nam",https://masothue.com/0106903562-cong-ty-tnhh-hung-nghiep-hoa-sen
CÔNG TY TNHH HỒNG NGUYỆT ĐƯỜNG,0106993171,HỒNG HOÀN ," Số 16 lô M1, phố Trần Kim Xuyến , Phường Yên Hoà, Quận Cầu Giấy, Thành phố Hà Nội, Việt Nam",https://masothue.com/0106993171-cong-ty-tnhh-hong-nguyet-duong
CÔNG TY TNHH DR.BẢO,0107144011,PHẠM THU HIỀN," Số 15, ngõ 4, phố Quần Ngựa, Phường Liễu Giai, Quận Ba Đình, Thành phố Hà Nội, Việt Nam",https://masothue.com/0107144011-cong-ty-tnhh-dr-bao
CHI NHÁNH SỐ 2 - CÔNG TY TNHH MỘT THÀNH VIÊN MASSAGE HOÀNG DIỄM,3603043288-002,NGUYỄN TUẤN NHÂN," Số 24/118, KP 2, Phường Tân Mai, Thành phố Biên Hoà, Tỉnh Đồng Nai, Việt Nam",https://masothue.com/3603043288-002-chi-nhanh-so-2-cong-ty-tnhh-mot-thanh-vien-massage-hoang-diem
CÔNG TY TNHH DỊCH VỤ CÁNH GIÓ ĐÔNG,0401795843,VĂN VĨNH ẨN LONG," 80 Dương Tự Minh, Phường Phước Mỹ, Quận Sơn Trà, Thành phố Đà Nẵng, Việt Nam",https://masothue.com/0401795843-cong-ty-tnhh-dich-vu-canh-gio-dong
CÔNG TY TNHH MỘT THÀNH VIÊN DV THÀNH TÚ,2100627341,NGUYỄN THÀNH TÚ," khóm 2, Thị Trấn Tiểu Cần, Huyện Tiểu Cần, Tỉnh Trà Vinh, Việt Nam",https://masothue.com/2100627341-cong-ty-tnhh-mot-thanh-vien-dv-thanh-tu
CÔNG TY TNHH MỘT THÀNH VIÊN MASSAGE 777,3702410404,ĐOÀN THÀNH LẬP," Số 246, đường 30 tháng 4, khu 12, Phường Chánh Nghĩa, Thành phố Thủ Dầu Một, Tỉnh Bình Dương, Việt Nam",https://masothue.com/3702410404-cong-ty-tnhh-mot-thanh-vien-massage-777
DOANH NGHIỆP TN ĐAN BEAUTY,0107893927,PHẠM QUỲNH NƯƠNG," Số 22 Ngõ 26 Nguyên Hồng, Phường Láng Hạ, Quận Đống Đa, Thành phố Hà Nội, Việt Nam",https://masothue.com/0107893927-doanh-nghiep-tn-dan-beauty
CÔNG TY TNHH ĐẦU TƯ THƯƠNG MẠI VÀ DỊCH VỤ 3M,3502337958,NGUYỄN THỊ MINH NGỌC," Số 270A Trương Công Định, Phường 3, Thành phố Vũng Tàu, Tỉnh Bà Rịa - Vũng Tàu, Việt Nam",https://masothue.com/3502337958-cong-ty-tnhh-dau-tu-thuong-mai-va-dich-vu-3m
DOANH NGHIỆP TƯ NHÂN THƯƠNG MẠI - XÂY DỰNG - DỊCH VỤ TỔNG HỢP KIM HOÀNG GIA,4101226272,VÕ THỊ KIỀU OANH," Số 85, Đường Chương Dương, Phường Nguyễn Văn Cừ, Thành phố Quy Nhơn, Tỉnh Bình Định, Việt Nam",https://masothue.com/4101226272-doanh-nghiep-tu-nhan-thuong-mai-xay-dung-dich-vu-tong-hop-kim-hoang-gia
CÔNG TY TNHH MTV XIN CHÀO MASSAGE & SPA,0401885857,NGUYỄN THỊ MỸ LINH," 46 Hà Bổng, Phường Phước Mỹ, Quận Sơn Trà, Thành phố Đà Nẵng, Việt Nam",https://masothue.com/0401885857-cong-ty-tnhh-mtv-xin-chao-massage-spa
CÔNG TY TNHH DV - TH CAO CƯỜNG 555,2802568369,Nguyễn Cao Cường," SN 124, đường Trường Thi, Phường Trường Thi, Thành phố Thanh Hoá, Tỉnh Thanh Hoá, Việt Nam",https://masothue.com/2802568369-cong-ty-tnhh-dv-th-cao-cuong-555
CÔNG TY TRÁCH NHIỆM HỮU HẠN CELINA SPA CLINIC,3502348029,NGUYỄN LÊ HOÀNG OANH," Số 234 Lê Lợi, Phường 4, Thành phố Vũng Tàu, Tỉnh Bà Rịa - Vũng Tàu, Việt Nam",https://masothue.com/3502348029-cong-ty-trach-nhiem-huu-han-celina-spa-clinic
CHI NHÁNH CÔNG TY CỔ PHẦN Y VƯƠNG,0315123742-001,PANG MỸ LINH," 104/21 Mai Thị Lựu, Phường Đa Kao, Quận 1, Thành phố Hồ Chí Minh, Việt Nam",https://masothue.com/0315123742-001-chi-nhanh-cong-ty-co-phan-y-vuong
CHI NHÁNH TP ĐÀ NẴNG - CÔNG TY TNHH MONICA,0311560420-003,TRẦN TIỂU LIÊN," 46 Thái Phiên, Phường Phước Ninh, Quận Hải Châu, Thành phố Đà Nẵng, Việt Nam",https://masothue.com/0311560420-003-chi-nhanh-tp-da-nang-cong-ty-tnhh-monica
CÔNG TY CỔ PHẦN VYOGA ĐÁ MUỐI HVG,5901102214,PHẠM THỊ THU HÀ," 44 Quyết Tiến, Phường Ia Kring, Thành phố Pleiku, Tỉnh Gia Lai, Việt Nam",https://masothue.com/5901102214-cong-ty-co-phan-vyoga-da-muoi-hvg
CÔNG TY TNHH THƯƠNG MẠI VÀ ĐẦU TƯ AN PHONG,0107884513,VŨ THỊ THỦY," Số nhà 14D ngõ 157/31 phố Pháo Đài Láng, Phường Láng Thượng, Quận Đống Đa, Thành phố Hà Nội, Việt Nam",https://masothue.com/0107884513-cong-ty-tnhh-thuong-mai-va-dau-tu-an-phong
CÔNG TY TNHH GEMMA SPA VIỆT NAM,0107613785,BÙI THỊ HOA," Số 138 Trần Bình, Phường Mỹ Đình 2, Quận Nam Từ Liêm, Thành phố Hà Nội, Việt Nam",https://masothue.com/0107613785-cong-ty-tnhh-gemma-spa-viet-nam
CÔNG TY TNHH ANTHONY LÂM,0108262138,LÂM VĂN ÚT," Số nhà 396 Khâm Thiên, Phường Thổ Quan, Quận Đống Đa, Thành phố Hà Nội, Việt Nam",https://masothue.com/0108262138-cong-ty-tnhh-anthony-lam
CÔNG TY TNHH MOON SPA,4201783037,NGUYỄN THỊ TÚ ANH," 1030/16A Lê Hồng Phong, Phường Phước Long, Thành phố Nha Trang, Tỉnh Khánh Hòa, Việt Nam",https://masothue.com/4201783037-cong-ty-tnhh-moon-spa
NGỌC HÀ BEAUTY CARE-CHI NHÁNH CÔNG TY TNHH SONG ANH HANA,0107540167-002,NGUYỄN HUY NGỌC," Số 12 ngõ 172 Lạc Long Quân, Phường Bưởi, Quận Tây Hồ, Thành phố Hà Nội, Việt Nam",https://masothue.com/0107540167-002-ngoc-ha-beauty-care-chi-nhanh-cong-ty-tnhh-song-anh-hana
CÔNG TY TRÁCH NHIỆM HỮU HẠN MỘT THÀNH VIÊN CHIẾT THƯƠNG,0401998681,LÊ VĂN TRÁNG," 04 Hà Bổng, Phường Phước Mỹ, Quận Sơn Trà, Thành phố Đà Nẵng, Việt Nam",https://masothue.com/0401998681-cong-ty-trach-nhiem-huu-han-mot-thanh-vien-chiet-thuong
CÔNG TY TRÁCH NHIỆM HỮU HẠN THƯƠNG MẠI DỊCH VỤ VŨNG TÀU XANH,3502130551,Huỳnh Thị Kim Phương," Số 34F Nguyễn Trường Tộ, Phường 3, Thành phố Vũng Tàu, Tỉnh Bà Rịa - Vũng Tàu, Việt Nam",https://masothue.com/3502130551-cong-ty-trach-nhiem-huu-han-thuong-mai-dich-vu-vung-tau-xanh
DOANH NGHIỆP TƯ NHÂN LỆ CHI NGUYÊN,3702044934,MẠC SI MÚI," DC 38-25, KDC Việt Sing, Phường An Phú, Thành phố Thuận An, Tỉnh Bình Dương, Việt Nam",https://masothue.com/3702044934-doanh-nghiep-tu-nhan-le-chi-nguyen
DOANH NGHIỆP TƯ NHÂN DỊCH VỤ MASSAGE HỌA MY,0105511308,LÊ THỊ XINH," Số 259, phố Bùi Xương Trạch, Phường Khương Đình, Quận Thanh Xuân, Thành phố Hà Nội, Việt Nam",https://masothue.com/0105511308-doanh-nghiep-tu-nhan-dich-vu-massage-hoa-my
CÔNG TY TNHH LÊ MINH TRANG,0105480233,LÊ THU TRANG," Km8+500 Đại Lộ Thăng Long, Xã An Khánh, Huyện Hoài Đức, Thành phố Hà Nội, Việt Nam",https://masothue.com/0105480233-cong-ty-tnhh-le-minh-trang
DOANH NGHIỆP TN MASSAGE XUÂN MAI,1401300965,LÊ THỊ BÍCH NGA," Số 33, Lê Quý Đôn, Phường 1, Thành phố Cao Lãnh, Tỉnh Đồng Tháp, Việt Nam",https://masothue.com/1401300965-doanh-nghiep-tn-massage-xuan-mai
DOANH NGHIỆP TN ĐẠI DƯƠNG,1600975112,VÕ TÂN THANH," Số 262 Tôn Đức Thắng, khóm Long Thạnh D, Phường Long Thạnh, Thị xã Tân Châu, Tỉnh An Giang, Việt Nam",https://masothue.com/1600975112-doanh-nghiep-tn-dai-duong
DOANH NGHIỆP TN ĐANG PHÁT,1601497564,QUÁCH THỊ NGHỆ," Số 42/36 Trần Hưng Đạo, Phường Mỹ Thới, Thành phố Long Xuyên , Tỉnh An Giang, Việt Nam",https://masothue.com/1601497564-doanh-nghiep-tn-dang-phat
CÔNG TY TNHH MỘT THÀNH VIÊN HOÀNG CÁT VÀNG,3701825205,TRƯƠNG THỊ THU," 35A/1 khu phố Đông Nhì, Thị Trấn Lái Thiêu, Thành phố Thuận An, Tỉnh Bình Dương, Việt Nam",https://masothue.com/3701825205-cong-ty-tnhh-mot-thanh-vien-hoang-cat-vang
CHI NHÁNH CÔNG TY CỔ PHẦN Y KHOA & THẨM MỸ THU CÚC - THU CUC CLINIC 07,0102624215-005,TẠ TẤT THÀNH," 2182 đường Hùng Vương, Phường Vân Cơ, Thành phố Việt Trì, Tỉnh Phú Thọ, Việt Nam",https://masothue.com/0102624215-005-chi-nhanh-cong-ty-co-phan-y-khoa-tham-my-thu-cuc-thu-cuc-clinic-07
CÔNG TY TNHH THƯƠNG MẠI DỊCH VỤ SUNNY VIỆT NAM,0108421606,TRẦN DUY PHƯƠNG," Tầng 1, Tầng 2, Số 13, Phố Phạm Hồng Thái, Phường Nguyễn Trung Trực, Quận Ba Đình, Thành phố Hà Nội, Việt Nam",https://masothue.com/0108421606-cong-ty-tnhh-thuong-mai-dich-vu-sunny-viet-nam
CÔNG TY TNHH CHĂM SÓC SẮC ĐẸP LY HOUSE,1801620215,HỒ YẾN LY," Số 310, Đường 30/4, Phường Xuân Khánh, Quận Ninh Kiều, Thành phố Cần Thơ, Việt Nam",https://masothue.com/1801620215-cong-ty-tnhh-cham-soc-sac-dep-ly-house
CÔNG TY TNHH THƯƠNG MẠI DỊCH VỤ BIK,0315957515,LƯƠNG CAO HOÀNG BẢO," 92/9 Nguyễn Tuyển, Phường Bình Trưng Tây, Quận 2, Thành phố Hồ Chí Minh, Việt Nam",https://masothue.com/0315957515-cong-ty-tnhh-thuong-mai-dich-vu-bik
CÔNG TY CỔ PHẦN THƯƠNG MẠI DỊCH VỤ VÀ LÀM ĐẸP EVA XINH,0106879775,ĐỖ THỊ THU TRANG," Số 4, ngõ 68 Ngụy Như Kon Tum, Phường Nhân Chính, Quận Thanh Xuân, Thành phố Hà Nội, Việt Nam",https://masothue.com/0106879775-cong-ty-co-phan-thuong-mai-dich-vu-va-lam-dep-eva-xinh
CÔNG TY CỔ PHẦN ĐẦU TƯ THƯƠNG MẠI LIÊN THẢO,0110155743,LÊ THỊ MỸ LINH," Số 26, ngõ 1 phố Nguyễn Thị Định, Phường Trung Hoà, Quận Cầu Giấy, Thành phố Hà Nội, Việt Nam",https://masothue.com/0110155743-cong-ty-co-phan-dau-tu-thuong-mai-lien-thao
CHI NHÁNH DOANH NGHIỆP TƯ NHÂN TRIỀU CHÂU,1500474585-001,NGUYỄN TUYẾT MAI," Số 118 Trưng Nữ Vương, Khóm Châu Thới, Phường Châu Phú B, Thành phố Châu Đốc, Tỉnh An Giang, Việt Nam",https://masothue.com/1500474585-001-chi-nhanh-doanh-nghiep-tu-nhan-trieu-chau
NGỌC LINH FOOT MASSAGE - CHI NHÁNH CÔNG TY TNHH LINH SPORT,0401408822-001,NGUYỄN NGỌC LINH," 233- Trần Phú, Phường Phước Ninh, Quận Hải Châu, Thành phố Đà Nẵng, Việt Nam",https://masothue.com/0401408822-001-ngoc-linh-foot-massage-chi-nhanh-cong-ty-tnhh-linh-sport
CÔNG TY TNHH DỊCH VỤ VÀ ĐÀO TẠO THẲM MỸ CALI HÀ NỘI,0107103262,Nguyễn Tuấn Anh," Số 138 Trần Bình, Phường Mỹ Đình 2, Quận Nam Từ Liêm, Thành phố Hà Nội, Việt Nam",https://masothue.com/0107103262-cong-ty-tnhh-dich-vu-va-dao-tao-tham-my-cali-ha-noi
HÂN ANH SPA - CÔNG TY TNHH XUẤT NHẬP KHẨU THƯƠNG MẠI LINH ANH,0104763398-002,ĐỖ THỊ THANH HUYỀN," Số 25, ngõ 168/23 Hào Nam, Phường Ô Chợ Dừa, Quận Đống Đa, Thành phố Hà Nội, Việt Nam",https://masothue.com/0104763398-002-han-anh-spa-cong-ty-tnhh-xuat-nhap-khau-thuong-mai-linh-anh
CÔNG TY CỔ PHẦN CHĂM SÓC SỨC KHỎE VÀ LÀM ĐẸP MIMOSA,0108156154,NGUYỄN VIỆT TUYẾN," Số 16, phố Thái Thịnh, Phường Ngã Tư Sở, Quận Đống Đa, Thành phố Hà Nội, Việt Nam",https://masothue.com/0108156154-cong-ty-co-phan-cham-soc-suc-khoe-va-lam-dep-mimosa
CHI NHÁNH III - CÔNG TY CỔ PHẦN QUỐC TẾ LOUIS BEAUTY VIỆT NAM TẠI QUẢNG NGÃI,5901066044-004,ĐINH THỊ THANH LOAN," 111 Quang Trung, Phường Lê Hồng Phong, Thành phố Quảng Ngãi, Tỉnh Quảng Ngãi, Việt Nam",https://masothue.com/5901066044-004-chi-nhanh-iii-cong-ty-co-phan-quoc-te-louis-beauty-viet-nam-tai-quang-ngai
CHI NHÁNH CÔNG TY TNHH ĐÀO TẠO THẨM MỸ CA LI TẠI HÀ NỘI,0309575765-003,HOÀNG THỊ MỸ HỒNG," Số nhà 22 đường Thụy Khuê, Phường Thuỵ Khuê, Quận Tây Hồ, Thành phố Hà Nội, Việt Nam",https://masothue.com/0309575765-003-chi-nhanh-cong-ty-tnhh-dao-tao-tham-my-ca-li-tai-ha-noi
DOANH NGHIỆP TƯ NHÂN DỊCH VỤ MI MI - CHI NHÁNH HÀ NỘI,0302315990-002,NGUYỄN THỊ DIỄM HẰNG," Tầng 2 và 3 tòa nhà số 22 ngách 264/32 đường Thụy Khuê, Phường Thuỵ Khuê, Quận Tây Hồ, Thành phố Hà Nội, Việt Nam",https://masothue.com/0302315990-002-doanh-nghiep-tu-nhan-dich-vu-mi-mi-chi-nhanh-ha-noi
CÔNG TY TNHH CHĂM SÓC DA Y HỌC CỔ TRUYỀN KIM THẢO Y ĐƯỜNG,0108174121,Nguyễn Thị Kim Lan," Số 24 phố Tăng Bạt Hổ, Phường Phạm Đình Hổ, Quận Hai Bà Trưng, Thành phố Hà Nội, Việt Nam",https://masothue.com/0108174121-cong-ty-tnhh-cham-soc-da-y-hoc-co-truyen-kim-thao-y-duong
CÔNG TY TRÁCH NHIỆM HỮU HẠN TMDV MINA,5801506929,NGUYỄN THỊ HẰNG," 38 Lương Thế Vinh, Phường 3, Thành phố Đà Lạt, Tỉnh Lâm Đồng, Việt Nam",https://masothue.com/5801506929-cong-ty-trach-nhiem-huu-han-cong-ty-tnhh-tmdv-mina
CÔNG TY TNHH MỘT THÀNH VIÊN LONG HOÀNG THẠCH,0401886459,Trần Công Thành," 115 Nguyễn Đỗ Cung, Phường Hoà Minh, Quận Liên Chiểu, Thành phố Đà Nẵng, Việt Nam",https://masothue.com/0401886459-cong-ty-tnhh-mot-thanh-vien-long-hoang-thach
CHI NHÁNH CÔNG TY TRÁCH NHIỆM HỮU HẠN MỘT THÀNH VIÊN THƯƠNG MẠI VÀ DỊCH VỤ YẾN NHI - CƠ SỞ I,3300871123-001,PHAN HOÀNG NHỚ," Thôn Ngọc Anh, Xã Phú Thượng, Huyện Phú Vang, Tỉnh Thừa Thiên Huế, Việt Nam",https://masothue.com/3300871123-001-chi-nhanh-cong-ty-trach-nhiem-huu-han-mot-thanh-vien-thuong-mai-va-dich-vu-yen-nhi-co-so-i
CHI NHÁNH 3 DOANH NGHIỆP TƯ NHÂN PHI HÙNG,3900879237-003,LÂM PHI HÙNG," Tổ 17, Khu phố 3, Thị Trấn Tân Biên, Huyện Tân Biên, Tỉnh Tây Ninh, Việt Nam",https://masothue.com/3900879237-003-chi-nhanh-3-doanh-nghiep-tu-nhan-phi-hung
CÔNG TY TNHH DỊCH VỤ MASSAGE TÔ CHÂU,1102018625,NGUYỄN HUỲNH NHƯ NGỌC," 129 Quốc Lộ 62, Phường 6, Thành phố Tân An, Tỉnh Long An, Việt Nam",https://masothue.com/1102018625-cong-ty-tnhh-dich-vu-massage-to-chau
CÔNG TY TNHH DU LỊCH VÀ DỊCH VỤ LÊ YÊN,0107261396,Lê Thị Yên," lô LK 03 vị trí 32 KĐT Đại Thanh, Xã Tả Thanh Oai, Huyện Thanh Trì, Thành phố Hà Nội, Việt Nam",https://masothue.com/0107261396-cong-ty-tnhh-du-lich-va-dich-vu-le-yen
CÔNG TY HOA THẢO – (TNHH),2300226964,Trần Thị Lệ Hoa," Số 84, đường Rạp Hát, khu Thị Trung, Phường Kinh Bắc, Thành phố Bắc Ninh, Tỉnh Bắc Ninh, Việt Nam",https://masothue.com/2300226964-cong-ty-hoa-thao-tnhh
CÔNG TY TNHH THƯƠNG MẠI SẢN XUẤT DỊCH VỤ THẨM MỸ TRƯƠNG KIỀU XUÂN - CHI NHÁNH ĐẮK LẮK,3300400614-003,TRƯƠNG ANH QUYỀN," Số 90B đường Lê Hồng Phong, Lô 17B Khu Tái định cư chợ Buôn Ma Thuột, Phường Thống Nhất, TP.Buôn Ma Thuột, Tỉnh Đắk Lắk, Việt Nam",https://masothue.com/3300400614-003-cong-ty-tnhh-thuong-mai-san-xuat-dich-vu-tham-my-truong-kieu-xuan-chi-nha-nh-da-k-la-k
CÔNG TY TNHH CHÂU THUỶ - CHI NHÁNH YÊN PHONG,0900277526-001,NGUYỄN HUY CHÂU," (NR ông Nguyễn Trường Giang) Thôn Đông Yên, Xã Đông Phong, Huyện Yên Phong, Tỉnh Bắc Ninh, Việt Nam",https://masothue.com/0900277526-001-cong-ty-tnhh-chau-thuy-chi-nhanh-yen-phong
CÔNG TY TNHH MỘT THÀNH VIÊN DỊCH VỤ THƯƠNG MẠI XUẤT NHẬP KHẨU NHẬT HÀ - CƠ SỞ NHẬT HÀ 7,1800586522-010,HUỲNH LONG HÀ," 03, Đại lộ Hòa Bình, Phường Tân An, Quận Ninh Kiều, Thành phố Cần Thơ, Việt Nam",https://masothue.com/1800586522-010-cong-ty-tnhh-mot-thanh-vien-dich-vu-thuong-mai-xuat-nhap-khau-nhat-ha-co-so-nhat-ha-7
CHI NHÁNH DOANH NGHIỆP TƯ NHÂN SONG HỶ,3701404133-001,TÔN NỮ THỊ CÚC," Lô CT 01A- Ô 44, khu dân cư Việt Sing, Phường An Phú, Thành phố Thuận An, Tỉnh Bình Dương, Việt Nam",https://masothue.com/3701404133-001-chi-nhanh-doanh-nghiep-tu-nhan-song-hy
CÔNG TY TRÁCH NHIỆM HỮU HẠN ANH ĐÀO - CƠ SỞ ANH ĐÀO 2,1500455159-010,BÙI NGỌC THẢO," Tổ 10, ấp Đông Bình A, Xã Đông Bình, Thị xã Bình Minh, Tỉnh Vĩnh Long, Việt Nam",https://masothue.com/1500455159-010-cong-ty-trach-nhiem-huu-han-anh-dao-co-so-anh-dao-2
