company_name,mst,company_representative,address
CHI NHÁNH CÔNG TY TRÁCH NHIỆM HỮU HẠN SX - TM A.S.T.A,0303191466-001,NGÔ TẤN PHÊ," Ấp Suối Sâu, Xã An Tịnh, Thị xã Trảng Bàng, Tỉnh Tây Ninh, Việt Nam"
CÔNG TY TNHH ĐÔNG NAM DƯỢC BÀNG THÁI CHI NHÁNH VÂN ĐỒN - QUẢNG NINH,0310421583-001,BÀNG TIẾN QUÂN," Lô 354, thôn 11, Xã Hạ Long, Huyện Vân Đồn, Tỉnh Quảng Ninh, Việt Nam"
CHI NHÁNH CÔNG TY TNHH SẢN XUẤT KINH DOANH THUỐC THÚ Y MINH HUY,0301860880-002,VƯƠNG THỊ NGỌC THẢO," Lô A111, Đường số 2, Khu công nghiệp Thái Hòa, ẤP Tân Hòa, Xã Đức Lập Hạ, Huyện Đức Hoà, Tỉnh Long An, Việt Nam"
CÔNG TY CỔ PHẦN THUỖC THÚ Y TRUNG ƯƠNG I HÀ NỘI,0103128121,ĐẶNG VĂN DŨNG," Số 88 đường Trường Chinh, Phường Phương Mai, Quận Đống Đa, Thành phố Hà Nội, Việt Nam"
CÔNG TY TNHH THUỐC THÚ Y THỦY SẢN ĐẠI AN THÁI - CHI NHÁNH BÌNH DƯƠNG,0302964723-002,NGUYỄN KHẮC CHƯƠNG ," Thửa đất số 358, Tờ bản đồ số 17, Ấp 6, Xã Vĩnh Tân, Thị xã Tân Uyên, Tỉnh Bình Dương, Việt Nam"
CHI NHÁNH CÔNG TY CỔ PHẦN DƯỢC ĐẠI NAM,0305925578-001,TRƯƠNG CHÍ CẢ ," Số 125/3 đường Lê Thị Hồng Gấm, Phường 6, Thành phố Mỹ Tho, Tỉnh Tiền Giang, Việt Nam"
CÔNG TY CỔ PHẦN THƯƠNG MẠI NHÀ THUỐC PHÚC THIỆN,0310421495,NGUYỄN THỊ ÁNH PHƯỚC," 146, Phường An Lạc A, Quận Bình Tân, Thành phố Hồ Chí Minh, Việt Nam"
CHI NHÁNH CÔNG TY TNHH MỘT THÀNH VIÊN DƯỢC PHẨM BÁI TỬ LONG - KHO CHỨA HÀNG,0311311093-001,NGUYỄN THÀNH SƠN ," 19 Bình Trưng, Phường Bình Trưng Đông, Quận 2, Thành phố Hồ Chí Minh, Việt Nam"
CHI NHÁNH CÔNG TY TNHH MỘT THÀNH VIÊN DƯỢC LIỆU DHG TẠI AN GIANG,1800723433-003,NGUYỄN THANH THÁI," Ấp Tà Dung, Xã Lương Phi, Huyện Tri Tôn, Tỉnh An Giang, Việt Nam"
CÔNG TY TNHH MỘT THÀNH VIÊN DƯỢC LIỆU DHG,1800723433,NGUYỄN THỊ THÚY LAN," 288 Bis Nguyễn Văn Cừ, Phường An Hòa, Quận Ninh Kiều, Thành phố Cần Thơ, Việt Nam"
CÔNG TY TNHH TÂN ĐIỀN,4200726396,NGUYỄN TIẾN KHOA," Số nhà 51, thôn Trung 3, Xã Diên Điền, Huyện Diên Khánh, Tỉnh Khánh Hòa, Việt Nam"
CHI NHÁNH CÔNG TY TNHH HÀ HẢO LONG,0303718103-001,PHẠM SƠN HẢO ," 4/15 Đông Hưng Thuận 5, Phường Tân Hưng Thuận, Quận 12, Thành phố Hồ Chí Minh, Việt Nam"
CHI NHÁNH CÔNG TY TNHH DƯỢC PHẨM NHẤT NHẤT TẠI BÌNH DƯƠNG,0311089392-002,LÊ HOÀNG PHÚC ," Số 8 VSIP 2-A, Đường số 16, KCN Việt Nam Singapore 2-A, Xã Vĩnh Tân, Thị xã Tân Uyên, Tỉnh Bình Dương, Việt Nam"
CÔNG TY TNHH SẢN XUẤT THƯƠNG MẠI DỊCH VỤ THÚ Y THỦY SẢN TRUNG TÍN,0310855647,HUỲNH TRUNG HIẾU," 634/7 Tỉnh Lộ 10, Phường Bình Trị Đông, Quận Bình Tân, Thành phố Hồ Chí Minh, Việt Nam"
DOANH NGHIỆP TƯ NHÂN THUỐC Y HỌC CỔ TRUYỀN PHƯỚC SANH,1101364848,TRƯƠNG VŨ KHÁNH," Số 272C, Khu 3, Thị Trấn Đức Hòa, Huyện Đức Hoà, Tỉnh Long An, Việt Nam"
CÔNG TY TNHH THUỐC THÚ Y HẬU GIANG,1800400471,TRẦN QUỐC LINH," 108/46/6, đường 30/4, Phường An Phú, Quận Ninh Kiều, Thành phố Cần Thơ, Việt Nam"
CÔNG TY TNHH THUỐC THÚ Y 2/9 CẦN THƠ,1800271265,LÊ THỊ THU TRÚC," 59, Nguyễn Việt Hồng, Phường An Phú, Quận Ninh Kiều, Thành phố Cần Thơ, Việt Nam"
CÔNG TY CỔ PHẦN PHARMA WORLD,0901023475,NGUYỄN HOÀNG DƯƠNG," Cụm công nghiệp Nguyên Xá, Xã Nhân Hòa, Thị xã Mỹ Hào, Tỉnh Hưng Yên, Việt Nam"
CHI NHÁNH CÔNG TY CỔ PHẦN DƯỢC Y TẾ & THƯƠNG MẠI BẢO CHÂU TẠI HÀ GIANG,6200013945-004,NGUYỄN ĐỖ HÙNG," Km 22, Thị Trấn Vị Xuyên, Huyện Vị Xuyên, Tỉnh Hà Giang, Việt Nam"
CÔNG TY TNHH THƯƠNG MẠI SẢN XUẤT QUỐC TẾ TECHGOLD,0314735686,NGUYỄN THỊ THƯƠNG," 29/9 Xuân Thới Sơn, Ấp 4, Xã Xuân Thới Sơn, Huyện Hóc Môn, Thành phố Hồ Chí Minh, Việt Nam"
CÔNG TY TNHH XẠ ĐEN HÒA BÌNH,5400467736,NGUYỄN THỊ VÂN," Xóm Thanh Đức, Xã Mãn Đức, Huyện Tân Lạc, Tỉnh Hòa Bình, Việt Nam"
DOANH NGHIỆP TƯ NHÂN ĐỒNG LOAN CAO BẰNG,4800899577,NÔNG ĐÌNH ĐỒNG," Số nhà 047, tổ 15, Phường Sông Hiến, Thành phố Cao Bằng, Tỉnh Cao Bằng, Việt Nam"
CÔNG TY TNHH INTERPHARMA VIỆT NAM,0107713349,NGUYỄN VÕ HOÀNG LIÊN," Số 15 BT7, KĐT Văn Phú, Phường Phú La, Quận Hà Đông, Thành phố Hà Nội, Việt Nam"
CÔNG TY CỔ PHẦN THƯƠNG MẠI VÀ DỊCH VỤ THUỐC THÚ Y HƯNG PHÁT,0601074888,NGUYỄN THỊ ĐÔNG," Số 50C, đường Hoàng Hoa Thám, Phường Ngô Quyền, Thành phố Nam Định, Tỉnh Nam Định, Việt Nam"
CÔNG TY CỔ PHẦN NAM DƯỢC THANH TRÚC,4601279882,NGUYỄN THỊ VIỆT THANH," Tổ 5, Phường Phan Đình Phùng, Thành phố Thái Nguyên, Tỉnh Thái Nguyên, Việt Nam"
CÔNG TY TNHH THƯƠNG MẠI JSC MIỀN BẮC,0107912062,Bùi Đông Như Thạch," Số 98, Phố Lê Xuân ĐIệp, Phường Kiến Hưng, Quận Hà Đông, Thành phố Hà Nội, Việt Nam"
CHI NHÁNH CÔNG TY TNHH ĐẦU TƯ-SẢN XUẤT-THƯƠNG MẠI THIÊN ÂN DƯỢC,3901150207-001,NGUYỄN NGỌC QUANG," Số 633, tổ 7, ấp Suối Muồn, Xã Thái Bình, Huyện Châu Thành, Tỉnh Tây Ninh, Việt Nam"
CÔNG TY TRÁCH NHIỆM HỮU HẠN ĐẦU TƯ-SẢN XUẤT-THƯƠNG MẠI THIÊN ÂN DƯỢC,3901150207,Nguyễn Ngọc Quang," Số 384B, đường 30-4, khu phố 1, Phường 3, Thành phố Tây Ninh, Tỉnh Tây Ninh, Việt Nam"
CHI NHÁNH CÔNG TY CỔ PHẦN THƯƠNG MẠI VÀ SẢN XUẤT THUỐC THÚ Y THỊNH Á,0301460240-001,LÊ THỊ TUYẾT NHUNG," Đường 5, KCN Giang Điền, Xã Giang Điền, Huyện Trảng Bom, Tỉnh Đồng Nai, Việt Nam"
CÔNG TY CỔ PHẦN NAM DƯỢC SƠN DƯƠNG,2500600619,Bùi Long," Số Nhà 164, Đường Chùa Hà, Xã Định Trung, Thành phố Vĩnh Yên, Tỉnh Vĩnh Phúc, Việt Nam"
CÔNG TY TNHH THẢO DƯỢC ÂU CƠ,2600997118,Trần Anh Dũng," Số nhà 3068, tổ 6, khu 1B, Phường Vân Phú, Thành phố Việt Trì, Tỉnh Phú Thọ, Việt Nam"
CÔNG TY TNHH SX ĐẦU TƯ THƯƠNG MẠI DU LỊCH ĐÔNG DƯỢC THIỆN TUỆ,5400536838,VÕ THỊ MỸ DUYÊN ," Tiểu khu Bờ, Thị Trấn Đà Bắc, Huyện Đà Bắc, Tỉnh Hòa Bình, Việt Nam"
CÔNG TY CỔ PHẦN PHÁT TRIỂN CÔNG NGHỆ SINH HỌC ĐỒNG LINH ĐƯỜNG,0108207169,NGUYỄN THỊ THU THỦY," số 4 ngách 120 Dương Văn Bé, Phường Vĩnh Tuy, Quận Hai Bà Trưng, Thành phố Hà Nội, Việt Nam"
CÔNG TY TNHH THANH TỊNH TÂM,3502301447,NGUYỄN THỊ DUNG," Ấp Quảng Phú, Thị Trấn Phú Mỹ, Thị xã Phú Mỹ, Tỉnh Bà Rịa - Vũng Tàu, Việt Nam"
CÔNG TY TRÁCH NHIỆM HỮU HẠN TRÀM THIÊN NHIÊN,3901210086,HỨA BÙI QUANG LỘC," Số 349, đường Tua Hai, Khu phố 3, Phường 1, Thành phố Tây Ninh, Tỉnh Tây Ninh, Việt Nam"
CHI NHÁNH CÔNG TY TNHH MỘT THÀNH VIÊN DƯỢC SÀI GÒN - NHÀ MÁY DƯỢC PHẨM RESANTIS VIỆT NAM,0300523385-060,LÊ VĂN THỊNH," Số 01 VSIP, Đường số 3, Khu công nghiệp Việt Nam - Singapore, Phường Bình Hòa, Thành phố Thuận An, Tỉnh Bình Dương, Việt Nam"
CÔNG TY TNHH PHAROS INTERNATIONAL VIỆT NAM,3702420025,BAHAR BUDIANTO," Lô số 18-3 đường số 3B, Khu công nghiệp Quốc tế Protrade, Xã An Tây, Thị xã Bến Cát, Tỉnh Bình Dương, Việt Nam"
CÔNG TY TNHH AN MEDICOL PHARMA,0107360728,NGUYỄN THỊ MAI NGUYỆT," Số 42, Đường Xuân Thủy, Tổ 46, Phường Dịch Vọng Hậu, Quận Cầu Giấy, Thành phố Hà Nội, Việt Nam"
CÔNG TY TNHH XUẤT NHẬP KHẨU THỦY SẢN HƯNG LỢI VINA ,1801451207,PHẠM THỊ HÀ THƠ," 310/27, Đường 30/4, Phường Hưng Lợi, Quận Ninh Kiều, Thành phố Cần Thơ, Việt Nam"
CÔNG TY CỔ PHẦN DƯỢC PHẨM NAFAS,0107294433,TRẦN VĂN HÒA," Số 8, ngõ 585 đường Nguyễn Hoàng Tôn, Phường Xuân Đỉnh, Quận Bắc Từ Liêm, Thành phố Hà Nội, Việt Nam"
CÔNG TY TNHH SẢN XUẤT - THƯƠNG MẠI NGỌC TUỆ LINH,0313674127,NGUYỄN THỊ ÁI PHƯƠNG," C9/11 Phạm Hùng , Xã Bình Hưng, Huyện Bình Chánh, Thành phố Hồ Chí Minh, Việt Nam"
CÔNG TY TNHH KHOA HỌC CÔNG NGHỆ NAM DƯỢC THIÊN PHÚC,0107445611,Phạm Lệ Thủy," Tầng 2, Số 225, phố Vọng, Phường Đồng Tâm, Quận Hai Bà Trưng, Thành phố Hà Nội, Việt Nam"
CÔNG TY TNHH SINH DƯỢC VICOHN,0313548002,NGUYỄN ĐĂNG THỐNG," Lô I-9-6, Đường D2 Khu công nghệ Cao Thành phố Hồ Chí Minh, Phường Long Thạnh Mỹ, Quận 9, Thành phố Hồ Chí Minh, Việt Nam"
CÔNG TY CỔ PHẦN DƯỢC PHẨM PHƯƠNG ĐÔNG - CHI NHÁNH 1 ,0305030898-001,VÕ QUÂN DUY," Lô số 68 - Đường số 2 - Khu Công nghiệp Tân Tạo, Phường Tân Tạo A, Quận Bình Tân, Thành phố Hồ Chí Minh, Việt Nam"
CÔNG TY TNHH THIẾT BỊ VÀ VẬT TƯ Y TẾ THẢO NGỌC - CHI NHÁNH KHA VẠN CÂN,0312230249-001,NGUYỄN THỊ LAN THẢO," số 833/50/2 Kha Vạn Cân, Phường Linh Tây, Quận Thủ Đức, Thành phố Hồ Chí Minh, Việt Nam"
CÔNG TY TNHH SẢN XUẤT THƯƠNG MẠI XUẤT NHẬP KHẨU LANG,0312364475,NGUYỄN THANH LANG ," 76 Đường A4, Phường 12, Quận Tân Bình, Thành phố Hồ Chí Minh, Việt Nam"
CÔNG TY CỔ PHẦN THUỐC UNG THƯ BENOVAS - CHI NHÁNH LONG AN,0107753133-001,LƯU QUẾ MINH," Ấp Bình Tiền 2, Xã Đức Hòa Hạ, Huyện Đức Hoà, Tỉnh Long An, Việt Nam"
CÔNG TY CỔ PHẦN VIỆT NHẬT AQUAVET,0110140602,PHAN VĂN QUANGĐOÀN QUYẾT THẮNG," Thôn 2, Xã Thạch Hoà, Huyện Thạch Thất, Thành phố Hà Nội, Việt Nam"
CÔNG TY CỔ PHẦN DƯỢC LIỆU PHƯƠNG ĐÔNG,0107764103,LÊ VIẾT PHƯƠNG," Số 1 ngách 69B/33 Hoàng Văn Thái, Phường Khương Trung, Quận Thanh Xuân, Thành phố Hà Nội, Việt Nam"
CÔNG TY CỔ PHẦN HỌC VIỆN GREEN,0107842351,NGUYỄN HIỀN GIANG ," Số 7, ngõ 3 phố Phạm Tuấn Tài , Phường Dịch Vọng Hậu, Quận Cầu Giấy, Thành phố Hà Nội, Việt Nam"
CÔNG TY TNHH PHÚC QUÝ HIỂN THOẠI SƠN,1601998391,Lê Hồng Sáu," Số 109 Võ Văn Kiệt, Ấp Tây Sơn, Thị Trấn Núi Sập, Huyện Thoại Sơn, Tỉnh An Giang, Việt Nam"
CÔNG TY TNHH SINH HỌC NAGI,1602000376,MAI XUÂN NHƯƠNG," Số 04, Tổ 01, Ấp Bình Chiến, Xã Bình Long, Huyện Châu Phú, Tỉnh An Giang, Việt Nam"
CHI NHÁNH CÔNG TY CP DƯỢC MINH HẢI - QUẦY THUỐC SỐ 1 CÀ MAU,2000100368-084,HUỲNH THU HỒNG," Số 121, đường Lê Lợi, Khóm 2, Phường 2, Thành phố Cà Mau, Tỉnh Cà Mau, Việt Nam"
CHI NHÁNH CÔNG TY CP DƯỢC MINH HẢI - QUẦY THUỐC SỐ 8 CÀ MAU,2000100368-082,LÝ TUYẾT THU," Số 250A, đường Lý Thường Kiệt, Khóm 5, Phường 6, Thành phố Cà Mau, Tỉnh Cà Mau, Việt Nam"
CÔNG TY TNHH Y HỌC CỔ TRUYỀN ĐẠI HỒNG PHÚC,0313962051,NGUYỄN ĐÌNH PHÚCNGUYỄN THỊ HUỲNH NHƯ," E9/202D Đường Thế Lữ, ấp 6, Xã Tân Nhựt, Huyện Bình Chánh, Thành phố Hồ Chí Minh, Việt Nam"
CHI NHÁNH CÔNG TY CP DƯỢC MINH HẢI - QUẦY THUỐC SỐ 12 CÀ MAU,2000100368-080,NGUYỄN THỊ KIM LÊ," Số 106, đường Huỳnh Thúc Kháng, Khóm 7, Phường 7, Thành phố Cà Mau, Tỉnh Cà Mau, Việt Nam"
CÔNG TY CỔ PHẦN TÂN SINH KIM PT,4601546721,TRẦN THẾ CƯỜNG," Xóm Bạch Thạch, Xã Tân Kim, Huyện Phú Bình, Tỉnh Thái Nguyên, Việt Nam"
CÔNG TY CỔ PHẦN PHÚ QUANG HUY PTN,4601546577,TRẦN THẾ CƯỜNG," Ngã Ba , Xóm Bàn Đạt , Xã Bàn Đạt, Huyện Phú Bình, Tỉnh Thái Nguyên, Việt Nam"
CÔNG TY CỔ PHẦN TÂN THÀNH BAN MAI,4601550598,TRẦN THẾ CƯỜNG," Khu Trung Tâm, Xã Tân Thành, Huyện Phú Bình, Tỉnh Thái Nguyên, Việt Nam"
CÔNG TY CỔ PHẦN TRANG VUI THÁI NGUYÊN,4601549313,TRẦN THẾ CƯỜNG," Xóm Kiều Chính, Xã Xuân Phương, Huyện Phú Bình, Tỉnh Thái Nguyên, Việt Nam"
CÔNG TY CỔ PHẦN AIKYA,0313752287,HÀ NGỌC SƠN," Lầu 46, Tòa nhà Bitexco Financial Tower, số 2 Hải Triều, Phường Bến Nghé, Quận 1, Thành phố Hồ Chí Minh, Việt Nam"
CÔNG TY TNHH BIO GREEN LAND CP,3401202986,TRƯƠNG CÔNG KHA," Xóm 14, Xã Chí Công, Huyện Tuy Phong, Tỉnh Bình Thuận, Việt Nam"
CÔNG TY LIÊN DOANH TNHH ANOVA,3700471585,NGUYỄN HIẾU LIÊM," 36 Đại lộ Độc lập, khu công nghiệp Việt Nam - Singapore, Phường Bình Hòa, Thành phố Thuận An, Tỉnh Bình Dương, Việt Nam"
CHI NHÁNH CÔNG TY TNHH MAP PACIFIC SINGAPORE TẠI HÀ NỘI,3600390692-002,ĐỖ ANH DŨNG," Phòng 205, Khách sạn Thể Thao, Làng sinh viên Hacinco, Phường Nhân Chính, Quận Thanh Xuân, Thành phố Hà Nội, Việt Nam"
CÔNG TY CỔ PHẦN DƯỢC VITAKA,0313550107,HOÀNG MINH SƠN," Số 15 Lê Thánh Tôn, Phường Bến Nghé, Quận 1, Thành phố Hồ Chí Minh, Việt Nam"
CÔNG TY CỔ PHẦN NÔNG DƯỢC TRƯƠNG TẤN PHÚC,4001260343,TRƯƠNG CÔNG CHÁNH," Thôn Bích Bắc, Xã Điện Hòa, Thị xã Điện Bàn, Tỉnh Quảng Nam, Việt Nam"
CHI NHÁNH CÔNG TY TNHH SAGOPHAR,0312526327-001,HUỲNH QUANG HÙNG," Lô G1-2, G11 và G10-1, Đường D16, Khu công nghiệp Đông Nam, Xã Bình Mỹ, Huyện Củ Chi, Thành phố Hồ Chí Minh, Việt Nam"
CÔNG TY TNHH HIỆU QUẢ,0303895857,TRẦN THANH MINH ," 783/40/46A Nguyễn Duy Trinh, Phường Phú Hữu, Thành phố Thủ Đức, Thành phố Hồ Chí Minh, Việt Nam"
CÔNG TY TNHH THƯƠNG MẠI - DỊCH VỤ - SẢN XUẤT Y DƯỢC NGUYÊN Y TỪ,0303785597,NGUYỄN THỊ VINH ," 211/56 Hoàng Hoa Thám, Phường 05, Quận Phú Nhuận, Thành phố Hồ Chí Minh, Việt Nam"
CÔNG TY TNHH THỦY SẢN TOÀN THÀNH,0310969732,NGUYỄN NGỌC SƠN," 03 Đường Rừng Sát, Ấp An Nghĩa, Xã An Thới Đông, Huyện Cần Giờ, Thành phố Hồ Chí Minh, Việt Nam"
CÔNG TY TNHH VÂN ANH (SỐ CŨ 0302000048 DO PHÒNG ĐĂNG KÝ KINH DOANH - SỞ KẾ HOẠCH VÀ ĐẦU TƯ TỈNH HÀ TÂY CẤP NGÀY 01/09/2000) (CẤP LẠI LẦN 1: 04/08/2010),0500412971,PHÙNG THỊ VÂN," Đội 2, Xã Dương Liễu, Huyện Hoài Đức, Thành phố Hà Nội, Việt Nam"
CÔNG TY TNHH THƯƠNG MẠI SẢN XUẤT DƯỢC SONG VÂN,0301497931,LÊ TRÍ HƯNG ," 15/5 Phạm Văn Hai, Phường 1, Quận Tân Bình, Thành phố Hồ Chí Minh, Việt Nam"
CÔNG TY TNHH SBC HOÀNG GIA,3301702939,HỒ NHẬT PHƯƠNG," Kiệt 126/30 Phạm Văn Đồng, Phường Vỹ Dạ, Thành phố Huế, Tỉnh Thừa Thiên Huế, Việt Nam"
CÔNG TY TNHH BÀO CHẾ ĐÔNG DƯỢC THIÊN HƯNG,0301449617,TRẦN THIÊN TỨ," 59/1D Phạm Văn Chiêu, Phường 12, Quận Gò Vấp, Thành phố Hồ Chí Minh, Việt Nam"
CÔNG TY CỔ PHẦN DƯỢC PHẨM THIÊN THẢO SÀI GÒN,0309818305,VÕ TẤN HỘI," 40/2 Huỳnh Đình Hai, Phường 14, Quận Bình Thạnh, Thành phố Hồ Chí Minh, Việt Nam"
CÔNG TY TNHH THƯƠNG MẠI Y&N,0315047717,Phạm Văn Hoài," 13 Bùi Quang Là, Phường 12, Quận Gò Vấp, Thành phố Hồ Chí Minh, Việt Nam"
CÔNG TY TNHH THƯƠNG MẠI PHÁT TRIỂN T&V,0315124873,LÊ THỊ HOA," 44 Đường số 10, Khu phố 5, Phường Hiệp Bình Chánh, Quận Thủ Đức, Thành phố Hồ Chí Minh, Việt Nam"
CÔNG TY TNHH NGHIÊN CỨU NUÔI TRỒNG SẢN XUẤT CÂY THUỐC QUÝ TÂM VIỆT,0315351989,TRẦN ĐẮC ĐẠT," 74 Linh Đông, Phường Linh Đông, Quận Thủ Đức, Thành phố Hồ Chí Minh, Việt Nam"
CÔNG TY TNHH DƯỢC PHẨM VĨNH XUÂN,0303972526,PHẠM ĐỨC TIẾN ," Số nhà 39-41 Phan Đình Phùng, Phường 17, Quận Phú Nhuận, Thành phố Hồ Chí Minh, Việt Nam"
ĐỊA ĐIỂM KINH DOANH THUỐC Y HỌC CỔ TRUYỀN DIỆP TÔ ĐƯỜNG - CÔNG TY TNHH ĐÔNG NAM DƯỢC BẢO LINH,0400386171-001,LÊ THÀNH THUỶ TIÊN," 120 Bạch Đằng, Phường Hải Châu I, Quận Hải Châu, Thành phố Đà Nẵng, Việt Nam"
CÔNG TY TNHH SẢN XUẤT KINH DOANH THUỐC THÚ Y MINH HUY,0301860880,Tán Minh," Lô A111, đường số 2, khu công nghiệp Thái Hòa, ấp Tân Hòa, Xã Đức Lập Hạ, Huyện Đức Hoà, Tỉnh Long An, Việt Nam"
CÔNG TY CỔ PHẦN DƯỢC NAM ĐỊNH,0600202752,Trần Bá Trung," Số 66 Trần Phú, Phường Trần Hưng Đạo, Thành phố Nam Định, Tỉnh Nam Định, Việt Nam"
CHI NHÁNH CÔNG TY TNHH THỦY SẢN TOÀN THÀNH,0310969732-001,TRẦN VĂN BÙI ," 451/14Bis Tô Hiến Thành, Phường 14, Quận 10, Thành phố Hồ Chí Minh, Việt Nam"
XƯỞNG SẢN XUẤT - CÔNG TY TNHH THUỐC THỦY SẢN NĂM CON ĐƯỜNG,4200713340-001,HỒNG NHẬT TIẾN," Thôn Vĩnh Phú, Xã Suối Tân, Huyện Cam Lâm, Tỉnh Khánh Hòa, Việt Nam"
"PHÒNG CHẨN TRỊ YHCT, MASAGE VẬT LÝ TRỊ LIỆU THIÊN THAI - CHI NHÁNH THƯƠNG MẠI VÀ DỊCH VỤ THIÊN THAI - CÔNG TY CỔ PHẦN T.H.I",0401373591-003,ĐOÀN THỊ THANH THỦY," Tầng 3, Số nhà 07- Quang Trung, Phường Thạch Thang, Quận Hải Châu, Thành phố Đà Nẵng, Việt Nam"
PHÒNG GIAO DỊCH SỐ 02 - CÔNG TY CỔ PHẦN T.H.I,0401373591-002,ĐOÀN THỊ THANH THỦY," Lô 284-285 Khu B2-4 Khu tái định cư An Đồn, Phường An Hải Bắc, Quận Sơn Trà, Thành phố Đà Nẵng, Việt Nam"
CHI NHÁNH CÔNG TY CỔ PHẦN BIO - INNOVA,1801584831-001,LÊ HỒNG PHONG," Số 268 Cao Thắng, Khóm 6, Phường 8, Thành phố Sóc Trăng, Tỉnh Sóc Trăng, Việt Nam"
CHI NHÁNH TẠI MIỀN NAM - CÔNG TY TRÁCH NHIỆM HỮU HẠN DƯỢC PHẨM HẠNH THÁI,0200404031-002,"TẠ GIA PHÚC (HSIEH, CHIA - FU)"," Số 12, Đường Nguyễn Sơn, Phường Phú Thọ Hoà, Quận Tân Phú, Thành phố Hồ Chí Minh, Việt Nam"
CÔNG TY CỔ PHẦN SẢN XUẤT VÀ THƯƠNG MẠI DƯỢC PHẨM Á ĐÔNG,0108171307,Nguyễn Thế Hoàng," Số 27, ngách 378/91 phố Thụy Khuê, Phường Bưởi, Quận Tây Hồ, Thành phố Hà Nội, Việt Nam"
CÔNG TY CỔ PHẦN DƯỢC PHẨM 3/2,0302408317,HIROKI KATO ," 601 Cách Mạng Tháng Tám, Phường 15, Quận 10, Thành phố Hồ Chí Minh, Việt Nam"
CÔNG TY TNHH ĐẦU TƯ LÀNG XƯA,0108187392,Phạm Hữu Toàn," Số 12 ngõ 96 phố Võ Thị Sáu, Phường Thanh Nhàn, Quận Hai Bà Trưng, Thành phố Hà Nội, Việt Nam"
CHI NHÁNH CÔNG TY TNHH KỸ THUẬT DINH DƯỠNG ÚC CHÂU,0305134449-001,LÊ VIẾT THÔNG," Thửa đất số 828, tờ bản đồ số 37, khu phố Phú Hòa, Phường Hòa Lợi, Thị xã Bến Cát, Tỉnh Bình Dương, Việt Nam"
CỬA HÀNG GIỚI THIỆU SẢN PHẨM - CÔNG TY CỔ PHẦN TẬP ĐOÀN ĐÔNG DƯỢC PHÚC QUÝ HIỂN,0800737603-002,LÊ HỒNG SÁU," Số nhà 18, phố Bùi Thị Xuân, Phường Lê Thanh Nghị, Thành phố Hải Dương, Tỉnh Hải Dương, Việt Nam"
CÔNG TY CỔ PHẦN DƯỢC THIẾT BỊ Y TẾ HÀ GIANG,5100102861,HOÀNG THỊ MAI.LÝ ANH THỊNH," Số 344, đường Nguyễn Trãi, tổ 10, Phường Nguyễn Trãi, Thành Phố Hà Giang, Tỉnh Hà Giang, Việt Nam"
CÔNG TY TNHH XUẤT NHẬP KHẨU SHRIMPTECH,0317536110,HUỲNH TIẾN KHƯƠNG," 257/50/18 Bình Thành, Phường Bình Hưng Hòa B, Quận Bình Tân, Thành phố Hồ Chí Minh, Việt Nam"
NHÀ MÁY SẢN XUẤT CÔNG TY TNHH DƯỢC PHẨM THIÊN ÂN,0101149648-002,Ngô Trọng Đức," Lô II-8.3 khu công nghiệp Quế Võ 2, Xã Ngọc Xá, Thị xã Quế Võ, Tỉnh Bắc Ninh, Việt Nam"
CHI NHÁNH CÔNG TY TNHH DƯỢC PHẨM SHINPOONG DAEWOO,3600275957-005,PHƯƠNG THÚY LINH," Phòng B102 nhà số 2 ngõ 59 Láng Hạ, Phường Thành Công, Quận Ba Đình, Thành phố Hà Nội, Việt Nam"
CÔNG TY TNHH NAM DƯỢC TRIỆU NGỌC HÒA,0107358045,Hoàng Thị Ngọc," Thôn Yên Sơn, Xã Ba Vì, Huyện Ba Vì, Thành phố Hà Nội, Việt Nam"
CHI NHÁNH CÔNG TY TRÁCH NHIỆM HỮU HẠN SẢN XUẤT THƯƠNG MẠI CÔNG M&AMP;T,0310778953-002,PHẠM XUÂN THẮNG," 197/50/10 Đường TL15, Khu phố 3, Phường Thạnh Lộc, Quận 12, Thành phố Hồ Chí Minh, Việt Nam"
CHI NHÁNH CÔNG TY TNHH CÔNG NGHỆ SINH HỌC VIỆT LINH,0309299917-001,Cao Tùng Hiếu," 815/4/3/10 Hương Lộ 2, khu phố 8, Phường Bình Trị Đông A, Quận Bình Tân, Thành phố Hồ Chí Minh, Việt Nam"
CHI NHÁNH CÔNG TY TNHH THƯƠNG MẠI SẢN XUẤT DƯỢC SONG VÂN,0301497931-001,Lê Trí Hưng," 274 đường Hồ Văn Tắng, Xã Tân Phú Trung, Huyện Củ Chi, Thành phố Hồ Chí Minh, Việt Nam"
CÔNG TY TNHH DƯỢC PHẨM NAM VIỆT,0301447641,ĐINH THỊ GHI," 70 Thành Công, Phường Tân Thành, Quận Tân Phú, Thành phố Hồ Chí Minh, Việt Nam"
CÔNG TY TNHH ĐẦU TƯ KIM VƯỢNG PHÁT,0901032261,Phạm Thị Ngọc Kim," Thôn Bằng Nha, Xã Bình Minh, Huyện Khoái Châu , Tỉnh Hưng Yên, Việt Nam"
CHI NHÁNH CÔNG TY TNHH DƯỢC PHẨM SÀI GÒN TẠI TỈNH BÌNH DƯƠNG,0301266187-003,PHẠM ANH DŨNG," Số 27 VSIP, đường số 6, khu công nghiệp Việt Nam - Singapore, Phường An Phú, Thành phố Thuận An, Tỉnh Bình Dương, Việt Nam"
CÔNG TY CỔ PHẦN THƯƠNG MẠI - DỊCH VỤ THÀNH AN HB,5400491626,Đinh Minh Tâm," Thôn Chợ Đập, Xã An Bình, Huyện Lạc Thuỷ, Tỉnh Hòa Bình, Việt Nam"
CHI NHÁNH CÔNG TY TNHH TA VI NA - XƯỞNG SẢN XUẤT,0304393419-001,Trần Văn Thuận," 153/20/13/3 đường Bình Thành, Phường Bình Hưng Hòa B, Quận Bình Tân, Thành phố Hồ Chí Minh, Việt Nam"
CHI NHÁNH CÔNG TY CỔ PHẦN THƯƠNG MẠI DỊCH VỤ XUẤT NHẬP KHẨU ĐẶNG NGUYÊN ĐƯỜNG,0309142634-001,ĐẶNG CÔNG TRƯỜNG," Tổ 5, ấp Bình Tân, Xã Xuân Phú, Huyện Xuân Lộc, Tỉnh Đồng Nai, Việt Nam"
CÔNG TY TNHH SẢN XUẤT DƯỢC MỸ PHẨM MỘC LINH NATURAL,3603466646,Nguyễn Thị Kim," Khối 1, Thị Trấn Tân Kỳ, Huyện Tân Kỳ, Tỉnh Nghệ An, Việt Nam"
CÔNG TY CỔ PHẦN ỨNG DỤNG KHOA HỌC Y HỌC VIỆT NAM,3301567447,Hoàng Bá Thiên Chương," C14, Cao Xuân Dục, Phường Vỹ Dạ, Thành phố Huế, Tỉnh Thừa Thiên Huế, Việt Nam"
CHI NHÁNH CÔNG TY CP DƯỢC MINH HẢI - QUẦY THUỐC SỐ 10 CÀ MAU,2000100368-075,NGUYỄN THỊ TRANG," Số 138A, đường Lý Thường Kiệt, Phường 6, Thành phố Cà Mau, Tỉnh Cà Mau, Việt Nam"
CHI NHÁNH CÔNG TY CP DƯỢC MINH HẢI - QUẦY THUỐC SỐ 1 ĐẦM DƠI,2000100368-089,HUỲNH MỸ THỐ," Khóm 4, Thị Trấn Đầm Dơi, Huyện Đầm Dơi, Tỉnh Cà Mau, Việt Nam"
CHI NHÁNH CÔNG TY CP DƯỢC MINH HẢI - QUẦY THUỐC SỐ 9 SÔNG ĐỐC,2000100368-092,NGUYỄN TRƯỜNG HẬN," Khóm 8, Thị Trấn Sông Đốc, Huyện Trần Văn Thời, Tỉnh Cà Mau, Việt Nam"
CÔNG TY CỔ PHẦN CÔNG NGHỆ CAO SMOST VIỆT NAM,0107639423,Trịnh Ngọc Huấn," Số 17/116, phố Yên Lạc, Phường Vĩnh Tuy, Quận Hai Bà Trưng, Thành phố Hà Nội, Việt Nam"
CHI NHÁNH CÔNG TY CP DƯỢC MINH HẢI - QUẦY THUỐC SỐ 5 CÁI KEO,2000100368-096,NGÔ THANH TRANG," Số 44, ấp Cái Keo, Xã Quách Phẩm, Huyện Đầm Dơi, Tỉnh Cà Mau, Việt Nam"
CHI NHÁNH XƯỞNG SẢN XUẤT CÔNG TY TNHH DƯỢC THỦY SẢN HÙNG HƯNG,0313959193-001,Diệp Văn Việt," Thửa đất số 6, Tờ bản đồ số 21, Ấp Chợ Cũ, Thị Trấn Hưng Lợi, Huyện Thạnh Trị, Tỉnh Sóc Trăng, Việt Nam"
CÔNG TY TNHH MỘT THÀNH VIÊN SẢN XUẤT THƯƠNG MẠI RUBY,6300283864,VÕ VŨ ĐỨC," Số 08 ấp 4, Xã Lương Tâm, Huyện Long Mỹ, Tỉnh Hậu Giang, Việt Nam"
NHÀ MÁY DƯỢC APIMED - CHI NHÁNH CÔNG TY CỔ PHẦN DƯỢC APIMED,0313048183-001,Phạm Bảo Anh," Đường N1, Cụm Công nghiệp Phú Thạnh - Vĩnh Thanh, Xã Vĩnh Thanh, Huyện Nhơn Trạch, Tỉnh Đồng Nai, Việt Nam"
CÔNG TY CỔ PHẦN Y DƯỢC HỌC CỔ TRUYỀN HÒA BÌNH,5400235559,ĐINH THỊ PHIỂN," Số 386, đường Trần Hưng Đạo, tổ 8, Phường Quỳnh Lâm, Thành phố Hoà Bình, Tỉnh Hòa Bình, Việt Nam"
CÔNG TY CỔ PHẦN PYMEPHARCO,4400116704,SAMOYLOVYCH ANDRIY," Số 166 - 170 Nguyễn Huệ, Phường 7, TP Tuy Hoà, Tỉnh Phú Yên, Việt Nam"
CÔNG TY TNHH MỘT THÀNH VIÊN 120 ARMEPHACO,0106358934,NGUYỄN THỊ HƯƠNG," Số 118 Vũ Xuân Thiều, Phường Phúc Lợi, Quận Long Biên, Thành phố Hà Nội, Việt Nam"
CÔNG TY TNHH ĐẦU TƯ THƯƠNG MẠI DƯỢC AN NGUYÊN,3603556152,Đặng Văn Huy," Số 01/18, Tổ 22, Khu phố 1, Phường Tân Hiệp, Thành phố Biên Hoà, Tỉnh Đồng Nai, Việt Nam"
CÔNG TY TNHH PHỤC VỤ SỨC KHỎE CARESS,0315074414,Trần Thanh Thông," Lô M8, 134/1 Đường Tô Hiến Thành, Phường 15, Quận 10, Thành phố Hồ Chí Minh, Việt Nam"
TOSHIYUKI ISHII,1800156801,TOSHIYUKI ISHII," 288 Bis, Nguyễn Văn Cừ, Phường An Hòa, Quận Ninh Kiều, Thành phố Cần Thơ, Việt Nam"
CÔNG TY TNHH MTV DƯỢC PHẨM HYO VIỆT NAM,0401907613,Đoàn Công Huy," 28 Dương Thanh, Phường An Hải Bắc, Quận Sơn Trà, Thành phố Đà Nẵng, Việt Nam"
CÔNG TY TNHH ĐÔNG NAM DƯỢC BÀNG THÁI NHẤT,0314922478,Bàng Tiến Quân," Số 1/46/1B Đường Trục, Phường 13, Quận Bình Thạnh, Thành phố Hồ Chí Minh, Việt Nam"
CÔNG TY TNHH TINH DẦU THẢO DƯỢC KHÁNH ĐAN,5200908253,ĐINH THỊ HUYỀN," Thôn Khe Cỏ, Xã An Thịnh, Huyện Văn Yên, Tỉnh Yên Bái, Việt Nam"
CÔNG TY CỔ PHẦN SẢN XUẤT THUỐC Y HỌC CỔ TRUYỀN PHƯỚC THỌ ĐƯỜNG,1800811270,VÕ VĂN PHƯỚC," 1/11A, Bùi Hữu Nghĩa, Phường Bình Thủy, Quận Bình Thuỷ, Thành phố Cần Thơ, Việt Nam"
CÔNG TY TNHH MỘT THÀNH VIÊN DƯỢC PHẨM NAM TIẾN,0305468434,LƯU BÁ HUÂN ," 37 Lê Trung Nghĩa, Phường 12, Quận Tân Bình, Thành phố Hồ Chí Minh, Việt Nam"
CÔNG TY TNHH DƯỢC PHẨM VELLPHARM VIỆT NAM,2300240373,PUI HING SANG," Số 8, đường TS3, KCN Tiên Sơn, Xã Hoàn Sơn, Huyện Tiên Du, Tỉnh Bắc Ninh, Việt Nam"
CÔNG TY TNHH SẢN XUẤT VÀ THƯƠNG MẠI DỊCH VỤ BẢO TÍN,3602733955,NGUYỄN ANH PHONG," 3/27, KP 2, Phường Tam Hòa, Thành phố Biên Hoà, Tỉnh Đồng Nai, Việt Nam"
CÔNG TY TNHH VẠN XUÂN,0302416702,PHAN VĂN HIỂN ," 231 Chiến lược, Khu phố 18, Phường Bình Trị Đông, Quận Bình Tân, Thành phố Hồ Chí Minh, Việt Nam"
CÔNG TY CỔ PHẦN DƯỢC PHẨM MINH DÂN,0600337774,NGUYỄN THẾ DŨNG ," Lô E2 đường N4 khu Công nghiệp Hòa Xá, Phường Lộc Hoà, Thành phố Nam Định, Tỉnh Nam Định, Việt Nam"
CÔNG TY CỔ PHẦN ESSEN PHARMA,2500689663,NGUYỄN TIẾN LỊCH," Thôn Láng, Thị trấn Kim Long, Huyện Tam Dương, Tỉnh Vĩnh Phúc, Việt Nam"
CÔNG TY TNHH DƯỢC PHẨM BÁCH KHANG,0309465755,NGUYỄN VĂN TÙNG," 17 đường 783A Tạ Quang Bửu, Phường 4, Quận 8, Thành phố Hồ Chí Minh, Việt Nam"
CÔNG TY CỔ PHẦN DƯỢC PHẨM QUẬN 10,0301416548,LÝ BÁ MIÊN ," 334-336 Ngô Gia Tự, Phường 04, Quận 10, Thành phố Hồ Chí Minh, Việt Nam"
CÔNG TY TNHH DƯỢC PHÚC THÁI,0103906607,ĐINH QUANG HÒA," Lô số Cn10, khu công nghiệp Phú Nghĩa, Xã Phú Nghĩa, Huyện Chương Mỹ, Thành phố Hà Nội, Việt Nam"
CÔNG TY TNHH NIPRO PHARMA VIỆT NAM,0201255784,KAZUYA ASARI," Lô đất số IN1-4A và IN1-4B, Khu đô thị, công nghiệp và dịch vụ VSIP Hải Phòng, thuộc khu kinh tế Đình Vũ - Cát Hải, Xã An Lư, Huyện Thuỷ Nguyên, Thành phố Hải Phòng, Việt Nam"
CÔNG TY CỔ PHẦN DƯỢC PHẨM BIDIPHAR 1,4100708393,PHẠM THỊ THANH HƯƠNG," Số 498 đường Nguyễn Thái Học, Phường Quang Trung, Thành phố Quy Nhơn, Tỉnh Bình Định, Việt Nam"
CÔNG TY TRÁCH NHIỆM HỮU HẠN Y.S.P VIỆT NAM,3600925891,"LEE, FANG-HSIN "," Đường số 6, KCN Nhơn Trạch III - Giai đoạn II, Xã Long Thọ, Huyện Nhơn Trạch, Tỉnh Đồng Nai, Việt Nam"
CÔNG TY CỔ PHẦN CÔNG NGHỆ CAO HỒNG PHÚC,0600379661,VŨ QUANG THÀNH," Thôn Trình Xuyên, Xã Liên Bảo, Huyện Vụ Bản, Tỉnh Nam Định, Việt Nam"
CÔNG TY TNHH DƯỢC PHẨM ĐỨC VIỆT,0309561353,BÙI HOÀNG LỢI," 262 Nghĩa Phát, Phường 6, Quận Tân Bình, Thành phố Hồ Chí Minh, Việt Nam"
CÔNG TY TNHH ĐÔNG NAM DƯỢC BẢO LINH,0400386171,Lê Thành Thủy Tiên," Lô 32 KCN Đà Nẵng, Phường An Hải Bắc, Quận Sơn Trà, Thành phố Đà Nẵng, Việt Nam"
CÔNG TY TNHH THƯƠNG MẠI - SẢN XUẤT NGUYÊN VIỆT THẮNG,0304191613,NGUYỄN LÊ VIỆT ," F12/2 Ấp 6, Xã Lê Minh Xuân, Huyện Bình Chánh, Thành phố Hồ Chí Minh, Việt Nam"
CÔNG TY TNHH MỘT THÀNH VIÊN HẠC GIẤY GIA LAI,5901139542,ĐÀO DUY HIỆP," 189 đường 17/3, Thị Trấn Chư Sê, Huyện Chư Sê, Tỉnh Gia Lai, Việt Nam"
CHI NHÁNH CÔNG TY TNHH DƯỢC PHẨM VĨNH XUÂN,0303972526-001,PHẠM ĐỨC TIẾN ," 31 Tân Thới Nhất 18, Phường Tân Thới Nhất, Quận 12, Thành phố Hồ Chí Minh, Việt Nam"
CÔNG TY TNHH CHUYÊN THIÊN NHIÊN,0303950184,CHÂU PHƯỚC MINH ," Số 38 Đường 13, Phường An Phú, Quận 2, Thành phố Hồ Chí Minh, Việt Nam"
CÔNG TY TNHH THƯƠNG MẠI VÀ SẢN XUẤT THUỐC THÚ Y AL BA,0311113944,ĐỖ MẠNH THƯỜNG ," 55 Đường số 6, Khu phố 10, Phường Bình Trị Đông B, Quận Bình Tân, Thành phố Hồ Chí Minh, Việt Nam"
CÔNG TY TNHH NO BEN,0304210513,LÊ VĂN KHÁNH ," 228/9 Nguyễn Thị Lắng, Tổ 5, ấp Phú Lợi , Xã Tân Phú Trung, Huyện Củ Chi, Thành phố Hồ Chí Minh, Việt Nam"
CÔNG TY CỔ PHẦN ĐẦU TƯ VÀ THƯƠNG MẠI DƯỢC THẢO NABI,0317545468,PHẠM TRÍ LÂM," Nhà số 120B, Đường Bến Vân Đồn, Phường 09, Quận 4, Thành phố Hồ Chí Minh, Việt Nam"
CÔNG TY CỔ PHẦN MEDCEN,1101972250,TRẦN NGỌC ẨN," Lô F10 đường số 6 Khu Công nghiệp Hòa Bình, Xã Nhị Thành, Huyện Thủ Thừa, Tỉnh Long An, Việt Nam"
CÔNG TY TNHH DƯỢC PHẨM TỒN SANH ĐƯỜNG,0313061071,PHAN THỊ NI NI," 389/2C Lê Văn Lương, ấp 2, Xã Phước Kiển, Huyện Nhà Bè, Thành phố Hồ Chí Minh, Việt Nam"
CÔNG TY TNHH SẢN XUẤT THƯƠNG MẠI ĐẶNG NGUYÊN ĐƯỜNG,0314404194,ĐẶNG CÔNG TRƯỜNG," 240 Bạch Đằng, Phường 24, Quận Bình Thạnh, Thành phố Hồ Chí Minh, Việt Nam"
CÔNG TY TNHH UNCANCER,0314218286,NGUYỄN THỊ NHƯ Ý," 210/17 Đường Hoàng Diệu 2, Khu Phố 5, Phường Linh Chiểu, Quận Thủ Đức, Thành phố Hồ Chí Minh, Việt Nam"
DOANH NGHIỆP TƯ NHÂN HÀ LINH TUẤN,5200808072,BÙI THỊ THUẬN," Thôn Tân Tiến 2, Xã Xuân Ái, Huyện Văn Yên, Tỉnh Yên Bái, Việt Nam"
CÔNG TY CỔ PHẦN DƯỢC PHẨM PHARMATOPES,0901007787,PHẠM VĂN KHIẾT," Thôn Hành Lạc, Thị Trấn Như Quỳnh, Huyện Văn Lâm, Tỉnh Hưng Yên, Việt Nam"
CÔNG TY CỔ PHẦN MEDITUS,0313871830,HUỲNH PHƯỚC THỌ," Lầu 1, Nhà A8, Khu Nhà ở thương mại số 319, Lý Thường Kiệt, Phường 15, Quận 11, Thành phố Hồ Chí Minh, Việt Nam"
CÔNG TY CỔ PHẦN CÔNG NGHỆ SINH HỌC KHANG AN CỬU LONG - CHI NHÁNH AN GIANG,1801604012-001,TRẦN THỊ BÉ NGỌC," Tổ 3, ấp An Hòa, Xã An Hảo, Huyện Tịnh Biên, Tỉnh An Giang, Việt Nam"
CÔNG TY CỔ PHẦN DƯỢC LIỆU VIỆT NAM - CHI NHÁNH PHÚ THỌ,0105196582-002,HÀ DUY LƯỢNG," Khu 8, Xã Phù Ninh, Huyện Phù Ninh, Tỉnh Phú Thọ, Việt Nam"
CÔNG TY TNHH SẢN XUẤT THƯƠNG MẠI XUẤT KHẨU HN,5200890581,TRẦN THỊ YẾN," Thôn Đức Tiến, Xã Đông An, Huyện Văn Yên, Tỉnh Yên Bái, Việt Nam"
CÔNG TY TNHH CÔNG NGHỆ DƯỢC GA LE NI KA,3702021581,HUỲNH THỊ SỰ," Lô 33D, 22 VSIP đường số 3, KCN Việt Nam - Singapore, Phường Bình Hòa, Thành phố Thuận An, Tỉnh Bình Dương, Việt Nam"
CHI NHÁNH ĐỒNG NAI - CÔNG TY TNHH THUỐC THÚ Y SA FA - VE DIC ,3700781587-001,NGUYỄN NGỌC TÚ ," Số 373, ấp 4, Xã Sông Trầu, Huyện Trảng Bom, Tỉnh Đồng Nai, Việt Nam"
CÔNG TY TRÁCH NHIỆM HỮU HẠN MỘT THÀNH VIÊN VIMEDIMEX TÂY NINH,3900446850,DƯƠNG THỊ HUÊ," Thửa đất số 475, tờ bản đồ số 36, ấp An Phú, Xã An Tịnh, Thị xã Trảng Bàng, Tỉnh Tây Ninh, Việt Nam"
CÔNG TY TNHH DƯỢC PHẨM SINOPHARM VIỆT NAM,0105047196,CẢNH TÁC THÀNH," Khu Công nghiệp Công nghệ cao, Khu Công nghiệp Hòa Lạc, Xã Thạch Hoà, Huyện Thạch Thất, Thành phố Hà Nội, Việt Nam"
CÔNG TY TNHH ĐẦU TƯ SẢN XUẤT THƯƠNG MẠI DƯỢC BẢO AN,1101835409,ĐỖ VĂN DUY," Ấp Bình Tiền 2 , Xã Đức Hòa Hạ, Huyện Đức Hoà, Tỉnh Long An, Việt Nam"
CÔNG TY CỔ PHẦN PHÁT TRIỂN CÔNG NGHỆ ĐÔNG NAM DƯỢC,0107337905,NGUYỄN VĂN CƯỜNG," Tầng 2, tòa 27A2,khu nhà ở cao tầng CT2, 234 Phạm Văn Đồng, Phường Cổ Nhuế 1, Quận Bắc Từ Liêm, Thành phố Hà Nội, Việt Nam"
CÔNG TY TNHH BÀO CHẾ THUỐC ĐÔNG Y CỔ TRUYỀN,0313486451,VÕ NGUYỆT MAI," 302 Đỗ Ngọc Thạnh, Phường 4, Quận 11, Thành phố Hồ Chí Minh, Việt Nam"
CHI NHÁNH CÔNG TY TNHH BÀO CHẾ THUỐC ĐÔNG Y CỔ TRUYỀN - PHÂN XƯỞNG BÀO CHẾ THUỐC,0313486451-001,VÕ NGUYỆT MAI," 50 Trịnh Đình Trọng, Phường Phú Trung, Quận Tân Phú, Thành phố Hồ Chí Minh, Việt Nam"
CHI NHÁNH CÔNG TY CỔ PHẦN DƯỢC PHẨM TW 25 TẠI BÌNH DƯƠNG - NHÀ MÁY DƯỢC PHẨM,0300468511-007,TRỊNH VIỆT TUẤN," Lô 01E6 KCN Tân Bình, Xã Tân Bình, Huyện Bắc Tân Uyên, Tỉnh Bình Dương, Việt Nam"
CÔNG TY CỔ PHẦN THƯƠNG MẠI VÀ DỊCH VỤ LÂM HƯNG THỊNH,5200887719,NGUYỄN XUÂN HƯNG," Thôn Khe Quýt, Xã Xuân Ái, Huyện Văn Yên, Tỉnh Yên Bái, Việt Nam"
CÔNG TY TNHH DỊCH VỤ VỆ SINH CÔNG NGHIỆP MIỀN BẮC,0801217967,NGUYỄN VĂN ĐOAN," Thôn Kim Trang Tây , Xã Lam Sơn, Huyện Thanh Miện, Tỉnh Hải Dương, Việt Nam"
CÔNG TY TNHH MỘT THÀNH VIÊN DƯỢC PHẨM NANOSCH HỒNG CHÂU,3603424325,NGUYỄN TẤN HỒNG CHÂU," Khu A, ấp 5, Xã An Phước, Huyện Long Thành, Tỉnh Đồng Nai, Việt Nam"
CHI NHÁNH CÔNG TY CỔ PHẦN TOPCIN,0312085986-001,ĐINH VĂN ĐIỆP," Khu Công nghiệp Sông Mây, đường 5, Xã Bắc Sơn, Huyện Trảng Bom, Tỉnh Đồng Nai, Việt Nam"
CÔNG TY TNHH LẠC SANH,4400946254,CAO ĐÌNH SƠN," Thôn 1, Xã Hòa Vinh, Thị xã Đông Hoà, Tỉnh Phú Yên, Việt Nam"
CÔNG TY CỔ PHẦN NÔNG DƯỢC VẠN XUÂN,4600974001,NGÔ THỊ HƯỜNG," Tổ 4, Phường Quán Triều, Thành phố Thái Nguyên, Tỉnh Thái Nguyên, Việt Nam"
CÔNG TY CỔ PHẦN DƯỢC PHẨM OC,0313752375,PHẠM THỨ TRIỆU," số 11 Nguyễn Trọng Quyền, Phường Tân Thới Hoà, Quận Tân Phú, Thành phố Hồ Chí Minh, Việt Nam"
CHI NHÁNH CÔNG TY TNHH THỦY SẢN TAM GIANG,0310688097-001,LÊ VĂN TIẾN," 65 Phạm Thị Quới, Ấp Ba Sòng, Xã An Nhơn Tây, Huyện Củ Chi, Thành phố Hồ Chí Minh, Việt Nam"
CÔNG TY TNHH XÂY DỰNG MẠNH NGHIÊM,0106265510,NGUYỄN VĂN NGHIÊM," Thôn Lai Sơn, Xã Bắc Sơn, Huyện Sóc Sơn, Thành phố Hà Nội, Việt Nam"
CÔNG TY TNHH THỦY SẢN NGỌC PHÁT,0312648614,TRẦN HOÀNG MINH TÚ," 7 Đường 102 Cao Lỗ, Phường 4, Quận 8, Thành phố Hồ Chí Minh, Việt Nam"
CHI NHÁNH CÔNG TY CỔ PHẦN DƯỢC PHẨM OPC TẠI BÌNH DƯƠNG - NHÀ MÁY DƯỢC PHẨM OPC,0302560110-011,PHẠM THỊ XUÂN HƯƠNG," Số 09/ĐX04-TH, Tổ 7, Khu phố Tân Hoá, Phường Tân Vĩnh Hiệp, Thành phố Tân Uyên, Tỉnh Bình Dương, Việt Nam"
CÔNG TY TNHH SẢN XUẤT VÀ THƯƠNG MẠI XUÂN THẾ,0108422494,TRẦN VĂN THẾ," Số LK 40/19 KĐT Phú Lương, Phường Phú Lương, Quận Hà Đông, Thành phố Hà Nội, Việt Nam"
CÔNG TY CỔ PHẦN DƯỢC APIMED,0313048183,PHẠM BẢO ANH ," 263/9 Lý Thường Kiệt, Phường 15, Quận 11, Thành phố Hồ Chí Minh, Việt Nam"
CÔNG TY CỔ PHẦN THÚ Y CHÂU GIANG,0901029477,TRẦN CÔNG TÍNH," Thị tứ Bô Thời, Xã Hồng Tiến, Huyện Khoái Châu , Tỉnh Hưng Yên, Việt Nam"
CÔNG TY TNHH LINH DƯỢC VIỆT,0108442934,VI THỊ NGÀ ," Số 29 ngách 29/16 phố Vũ Thạnh, Phường Ô Chợ Dừa, Quận Đống Đa, Thành phố Hà Nội, Việt Nam"
CÔNG TY TNHH ĐÔNG DƯỢC BẢO NGUYÊN,0108451512,NGUYỄN THỊ BÍCH LIÊN," Xóm 8, thôn Phương Viên, Xã Song Phương, Huyện Hoài Đức, Thành phố Hà Nội, Việt Nam"
CÔNG TY CỔ PHẦN CHẾ BIẾN VÀ XUẤT KHẨU DƯỢC LIỆU VIỆT NHẬT SƠN LA,5500531657,PHAN VĂN LINH," Khách sạn Sao Xanh, Đường 3/2, Tổ 1, Phường Quyết Thắng, Thành phố Sơn La, Tỉnh Sơn La, Việt Nam"
CÔNG TY TNHH TINH DẦU XANH YÊN BÁI,5200908937,NGUYỄN VĂN CƯỜNG," Số 78, đường Phạm Khắc Vinh, Phường Nam Cường, Thành phố Yên Bái, Tỉnh Yên Bái, Việt Nam"
CÔNG TY TNHH THUỐC MINH DŨNG - CHI NHÁNH 2,0302018966-001,HỒ NGỌC THÚY," Lô 8 Hồ Biểu Chánh, khu dân cư Bình Khánh 5, Phường Bình Khánh, Thành phố Long Xuyên , Tỉnh An Giang, Việt Nam"
CÔNG TY TNHH THUỐC MINH DŨNG,0302018966,VŨ THỊ NGỌC TRINH," Số 47/4B, Khu phố Khánh Hội, Phường Tân Phước Khánh, Thị xã Tân Uyên, Tỉnh Bình Dương, Việt Nam"
CÔNG TY TNHH LOOTUS PHARMA INC,0312766248,VÕ THỊ BẢY," 632 Lạc Long Quân, Phường 9, Quận Tân Bình, Thành phố Hồ Chí Minh, Việt Nam"
CÔNG TY TNHH THƯƠNG MẠI DỊCH VỤ SẢN XUẤT TRANG THIẾT BỊ Y TẾ BA BI ĐÔ PHA ,3603152833,NGUYỄN VĂN HẬU ," Số 39/88, KP 13, Phường Hố Nai, Thành phố Biên Hoà, Tỉnh Đồng Nai, Việt Nam"
CÔNG TY CỔ PHẦN DƯỢC PHẨM AMPHAONCO,3603305776,NGUYỄN VỸ PHƯƠNG," Khu Công Nghiệp Nhơn Trạch 3, Thị trấn Hiệp Phước, Huyện Nhơn Trạch, Tỉnh Đồng Nai, Việt Nam"
CÔNG TY TNHH SẢN XUẤT VÀ THƯƠNG MẠI ĐẠI HOÀNG KIM,0801320040,ĐÀO TRỌNG ĐẠI ," Thôn Văn Thai, Xã Cẩm Văn, Huyện Cẩm Giàng, Tỉnh Hải Dương, Việt Nam"
CÔNG TY CỔ PHẦN DƯỢC PHẨM SYNEX VIỆT NAM,0106590616,NGUYỄN THANH HẢI ," Số 10, ngách 35/197/4 Khương Hạ, Phường Khương Đình, Quận Thanh Xuân, Thành phố Hà Nội, Việt Nam"
CÔNG TY CỔ PHẦN PHÁT TRIỂN DƯỢC PHẨM GIA KHÁNH,0106561037,PHẠM KHÁNH LY," Số nhà 5, ngõ 266 Đội Cấn, Phường Cống Vị, Quận Ba Đình, Thành phố Hà Nội, Việt Nam"
CÔNG TY CỔ PHẦN TINH DẦU THIÊN NHIÊN SÀI GÒN - BÌNH CHÂU,3502374886,HOÀNG HỮU KHÁNH," Ấp Khu 1, Xã Bình Châu, Huyện Xuyên Mộc, Tỉnh Bà Rịa - Vũng Tàu, Việt Nam"
CÔNG TY CỔ PHẦN TẬP ĐOÀN DƯỢC BẢO CHÂU,5100425051,NGUYỄN LAN HƯƠNG," Tổ 12 , Thị Trấn Vị Xuyên, Huyện Vị Xuyên, Tỉnh Hà Giang, Việt Nam"
CÔNG TY TNHH CÔNG NGHỆ PCM,0312819764,LÊ THỊ PHƯỢNG," Phòng 802, tòa nhà Vietnam Business Center, 57-59 Hồ Tùng Mậu, Phường Bến Nghé, Quận 1, Thành phố Hồ Chí Minh, Việt Nam"
CÔNG TY TNHH DƯỢC LIỆU PHÚC LÂM,0314170482,QUÁCH VĨNH PHÚC," Lầu 5, HD Tower, 25 Bis, Nguyễn Thị Minh Khai, Phường Bến Nghé, Quận 1, Thành phố Hồ Chí Minh, Việt Nam"
CÔNG TY TNHH VẠN THIÊN ÂN,2100593646,NGUYỄN SƠN HẢI," Khóm 3, Thị Trấn Càng Long, Huyện Càng Long, Tỉnh Trà Vinh, Việt Nam"
CHI NHÁNH CÔNG TY TNHH THƯƠNG MẠI DỊCH VỤ HOÀNG THÔNG,0301912994-001,HOÀNG THỊ MINH TRANG ," Lô A215a, đường số 2, KCN Thái Hòa, ấp Tân Hòa, Xã Đức Lập Hạ, Huyện Đức Hoà, Tỉnh Long An, Việt Nam"
CÔNG TY CỔ PHẦN SINH HỌC THÚ Y BẠCH KIM,0309829000,BẠCH HỒNG QUANG," số 01, Cộng Hòa 3, Phường Tân Thành, Quận Tân Phú, Thành phố Hồ Chí Minh, Việt Nam"
CÔNG TY TNHH THUỐC THÚ Y - THỦY SẢN ANH QUỐC,3700756943,BÙI ĐÌNH PHƯƠNG," Số 122H/2, Khu phố 1B, Phường An Phú, Thành phố Thuận An, Tỉnh Bình Dương, Việt Nam"
CÔNG TY CP DƯỢC PHẨM THIÊN ĐỨC-PHAMACO,1801243990,LÊ ANH ĐỨC," 180/85, Trần Quang Diệu, Phường An Thới, Quận Bình Thuỷ, Thành phố Cần Thơ, Việt Nam"
CÔNG TY TNHH XUẤT NHẬP KHẨU MÊKÔNG VINA,1801085550,VÕ CAO GIỚI," C80, đường 30/4, Phường Xuân Khánh, Quận Ninh Kiều, Thành phố Cần Thơ, Việt Nam"
CÔNG TY CỔ PHẦN DƯỢC VÀ THIẾT BỊ Y TẾ THANH HIỀN,0600366214,TRẦN HỒNG THANH," Số 275 Hoàng Văn Thụ, Phường Nguyễn Du, Thành phố Nam Định, Tỉnh Nam Định, Việt Nam"
CÔNG TY TNHH MEDOCHEMIE (VIỄN ĐÔNG),3700996141,GREGORIS CHARITONOS," Số 40 VSIP II đường số 6, Khu công nghiệp Việt Nam-Singapore II, Khu liên hợp Công nghiệp-Dịch vụ-Đô thị Bình Dương, Phường Hoà Phú, Thành phố Thủ Dầu Một, Tỉnh Bình Dương, Việt Nam"
CÔNG TY TNHH SẢN XUẤT VÀ THƯƠNG MẠI DƯỢC PHẨM TÂM BÌNH,0102190173,LÊ THỊ BÌNH," Số 349 phố Kim Mã, Phường Ngọc Khánh, Quận Ba Đình, Thành phố Hà Nội, Việt Nam"
CÔNG TY CỔ PHẦN BLUEVET,3502393783,MAI XUÂN THÀNH," Lô 19, đường Đ.04, KCN Châu Đức, Xã Nghĩa Thành, Huyện Châu Đức, Tỉnh Bà Rịa - Vũng Tàu, Việt Nam"
CÔNG TY TNHH SẢN XUẤT BĂNG GẠC Y TẾ NHẬT VŨ,1801147817,NGUYỄN VŨ ," Số 879, KV Thới Hòa, Phường Thới Thuận, Quận Thốt Nốt, Thành phố Cần Thơ, Việt Nam"
CÔNG TY CỔ PHẦN DƯỢC SAFA,3700781587,NGUYỄN NGỌC TÚ," Số 143/46, khu phố Tân Hoà, Phường Đông Hòa, Thành phố Dĩ An, Tỉnh Bình Dương, Việt Nam"
CÔNG TY CỔ PHẦN CÔNG NGHỆ CAO 5C,0900701375,PHAN THỊ KHANG," Thôn Ngọc Đà, Xã Tân Quang, Huyện Văn Lâm, Tỉnh Hưng Yên, Việt Nam"
CÔNG TY TNHH MỘT THÀNH VIÊN XNK SX DV THƯƠNG MẠI THIÊN NAM DƯỢC,3901073802,VÕ THANH HẢI," Số E2/6 (số mới 16), ấp Hiệp Long, Xã Hiệp Tân, Thị xã Hoà Thành, Tỉnh Tây Ninh, Việt Nam"
CÔNG TY TNHH TRE XANH,3701733882,NGUYỄN VĂN SANG," Số 799, đường Huỳnh Văn Lũy, khu 7, Phường Phú Mỹ, Thành phố Thủ Dầu Một, Tỉnh Bình Dương, Việt Nam"
CÔNG TY TRÁCH NHIỆM HỮU HẠN DƯỢC PHẨM TAM LONG,0200393051,Nguyễn Văn Mến," Số 103/109 Trường Chinh,, Phường Đồng Hoà, Quận Kiến An, Thành phố Hải Phòng, Việt Nam"
CÔNG TY TNHH THƯƠNG MẠI VÀ DỊCH VỤ QUYẾT ANH 29,0105302791,ĐỖ VĂN HẠNH," Tổ dân phố Tân Thanh, Thị trấn Tây Yên Tử, Huyện Sơn Động, Tỉnh Bắc Giang, Việt Nam"
CÔNG TY TNHH DƯỢC HANVET,0900249945,NGUYỄN HỮU VŨ," Khu công nghiệp Phố Nối A, Phường Bần Yên Nhân, Thị xã Mỹ Hào, Tỉnh Hưng Yên, Việt Nam"
CÔNG TY TNHH PHƯƠNG DUY,1800537878,PHẠM SỸ PHÁI," Lô 2-18C Khu CN Trà Nóc II, Phường Phước Thới, Quận Ô Môn, Thành phố Cần Thơ, Việt Nam"
CÔNG TY TNHH DƯỢC THẢO HOÀNG THÀNH NINH BÌNH,2700612280,BÙI THỊ KIÊM," Phố Hồng Lai, Thị Trấn Nho Quan, Huyện Nho quan, Tỉnh Ninh Bình, Việt Nam"
CÔNG TY CỔ PHẦN VẮC XIN VÀ SINH PHẨM NHA TRANG,4200451832,NGUYỄN THÀNH LONGLÊ ĐÌNH PHAN," 26 Hàn Thuyên, Phường Xương Huân, Thành phố Nha Trang, Tỉnh Khánh Hòa, Việt Nam"
CÔNG TY TNHH DƯỢC PHẨM VIỆT PHÚC,1800153906,VƯƠNG HỮU PHƯỚC," 155A Trần Hưng Đạo, Phường An Phú, Quận Ninh Kiều, Thành phố Cần Thơ, Việt Nam"
CÔNG TY TNHH KYOTO BIKEN HÀ NỘI LABORATORIES,0900696541,YU KATSUGO	," Lô đất số F6, Khu công nghiệp Thăng Long II, Xã Liêu Xá, Huyện Yên Mỹ, Tỉnh Hưng Yên, Việt Nam"
CÔNG TY TNHH THUỐC THÚ Y Á CHÂU,1800493726,Nguyễn Thị Thu Diệu," 130, QL1A, Phường Ba Láng, Quận Cái Răng, Thành phố Cần Thơ, Việt Nam"
CÔNG TY TNHH THUỐC THỦY SẢN NĂM CON ĐƯỜNG,4200713340,NGUYỄN THỊ HOÀI," 01A Phùng Khắc Khoan, Phường Phước Hòa, Thành phố Nha Trang, Tỉnh Khánh Hòa, Việt Nam"
CÔNG TY TNHH THẾ GIỚI GEN,0309215120,NGUYỄN VĂN LỄ," Lô I5-1, đường N7, Khu công nghệ cao, Phường Tăng Nhơn Phú A, Thành phố Thủ Đức, Thành phố Hồ Chí Minh, Việt Nam"
CÔNG TY CỔ PHẦN LIÊN DOANH DƯỢC PHẨM MEDIPHARCO TENAMYD BR S.R.L,3301366116,NGUYỄN THỊ KIM DUNG," 08 Nguyễn Trường Tộ, Phường Phước Vĩnh, Thành phố Huế, Tỉnh Thừa Thiên Huế, Việt Nam"
CÔNG TY TNHH DƯỢC PHẨM VẠN XUÂN,1600706984,NGUYỄN ĐÌNH TOẠI," Số 54/13A Lê Lợi, Phường Mỹ Bình, Thành phố Long Xuyên , Tỉnh An Giang, Việt Nam"
CÔNG TY LIÊN DOANH DƯỢC PHẨM MEBIPHAR - AUSTRAPHARM,0303023486,ĐỖ VŨ TRÍĐINH ANH HÀO," số Lô III 18 cụm 4, Nhóm CN III, đường số 13, KCN Tân Bình , Phường Tây Thạnh, Quận Tân Phú, Thành phố Hồ Chí Minh, Việt Nam"
CÔNG TY TRÁCH NHIỆM HỮU HẠN SINH DƯỢC PHẨM HERA,3301477602,Phạm Bá Hưng," Lô A17 Khu công nghiệp Tứ Hạ, Phường Tứ Hạ, Thị xã Hương Trà, Tỉnh Thừa Thiên Huế, Việt Nam"
CÔNG TY LIÊN DOANH MEYER-BPC,1300337479,HUỲNH THIỆN NGHĨA," 6A3, Quốc lộ 60, Phường Phú Tân, Thành phố Bến Tre, Tỉnh Bến Tre, Việt Nam"
CÔNG TY TRÁCH NHIỆM HỮU HẠN THƯƠNG MẠI - DỊCH VỤ VÀ SẢN XUẤT NAM PHÁT,1500405366,NGÔ HỒNG THÁI," Số 54/4 ấp Phước Ngươn A, Xã Phước Hậu, Huyện Long Hồ, Tỉnh Vĩnh Long, Việt Nam"
CÔNG TY TNHH ĐẦU TƯ PHÁT TRIỂN CÔNG NGHỆ CAO THIỆN TÂM,3901211964,TRẦN QUANG MINH," 78 Bời Lời, Khu phố Ninh Phú, Phường Ninh Sơn, Thành phố Tây Ninh, Tỉnh Tây Ninh, Việt Nam"
CÔNG TY CỔ PHẦN CÔNG NGHỆ SINH HỌC VIỆT HÀN - CHI NHÁNH XƯỞNG SẢN XUẤT,0315133701-001,CAO ANH VIỆT," 364 Võ Văn Bích, Ấp 4B, Xã Bình Mỹ, Huyện Củ Chi, Thành phố Hồ Chí Minh, Việt Nam"
CHI NHÁNH CÔNG TY TNHH SẢN XUẤT THƯƠNG MẠI DỊCH VỤ MẠNH TIẾN ĐẠT - XƯỞNG SẢN XUẤT ,0313597948-001,NGUYỄN ĐÌNH MẠNH," 71/4/5 Đường Lê Thị Nho, Khu phố 2, Phường Trung Mỹ Tây, Quận 12, Thành phố Hồ Chí Minh, Việt Nam"
CÔNG TY TNHH THƯƠNG MẠI AP PHÚ HƯNG,1001106071,VŨ XUÂN DUẨN," Thôn Nhân Phú, Xã Hùng Dũng, Huyện Hưng Hà, Tỉnh Thái Bình, Việt Nam"
CÔNG TY CỔ PHẦN DƯỢC PHẨM NORWAY PHARMATECH AS,0317405012,HÁN VĂN SƠN," 76 Nguyễn Thị Nhung, Phường Hiệp Bình Phước, Thành phố Thủ Đức, Thành phố Hồ Chí Minh, Việt Nam"
CHI NHÁNH BẮC NINH CÔNG TY CỔ PHẦN CÔNG NGHỆ CAO SMOST VIỆT NAM,0107639423-001,TRỊNH NGỌC HUẤN," Lô D20 Cụm công nghiệp đa nghề Đông Thọ, Xã Đông Thọ, Huyện Yên Phong, Tỉnh Bắc Ninh, Việt Nam"
CÔNG TY CỔ PHẦN AROMAG,0107646276,NGUYỄN THỊ THÚY HẰNG," Tầng 6 tòa nhà Việt Á, số 9 phố Duy Tân, Phường Dịch Vọng Hậu, Quận Cầu Giấy, Thành phố Hà Nội, Việt Nam"
CÔNG TY CỔ PHẦN DƯỢC PHẨM W - HEALTH,0901001094,ĐÀO DANH TRUNG," Số 32 Lê Thanh Nghị, Phường Hiến Nam, Thành phố Hưng yên, Tỉnh Hưng Yên, Việt Nam"
NHÀ MÁY SẢN XUẤT DƯỢC PHẨM - CÔNG TY TNHH THƯƠNG MẠI DƯỢC PHẨM ĐÔNG Á,0100274124-008,BÙI VĂN THANH," Lô A2, CN3, Cụm Công nghiệp Từ Liêm, Phường Minh Khai, Quận Bắc Từ Liêm, Thành phố Hà Nội, Việt Nam"
CHI NHÁNH CÔNG TY TNHH THƯƠNG MẠI SẢN XUẤT VIỆT VIỄN,0301451447-003,Trần Xuân Ngọc," 72 Đường số 20, Phường 6, Quận Gò Vấp, Thành phố Hồ Chí Minh, Việt Nam"
CHI NHÁNH CÔNG TY CỔ PHẦN THUỐC THÚ Y TOÀN THẮNG TẠI BẮC NINH,0102137268-002,PHẠM ĐẮC THẮNG ," Số 02, đường TS 17, Khu công nghiệp Tiên Sơn, Phường Đồng Nguyên, Thành phố Từ Sơn, Tỉnh Bắc Ninh, Việt Nam"
"CHI NHÁNH CÔNG TY TNHH SẢN XUẤT, THƯƠNG MẠI DƯỢC PHẨM THÀNH NAM TẠI BÌNH DƯƠNG",0303606960-001,TRẦN QUANG THÀNH," Số 60 đại lộ Độc Lập, KCN Vietnam Singapore, Phường An Phú, Thành phố Thuận An, Tỉnh Bình Dương, Việt Nam"
CÔNG TY TNHH DƯỢC PHẨM FUSI,0106565049,DƯƠNG HƯNG THỊNH," Số 8, phố Mễ Trì Thượng, Phường Mễ Trì, Quận Nam Từ Liêm, Thành phố Hà Nội, Việt Nam"
CÔNG TY TNHH CÔNG NGHỆ SINH HỌC STRONG PH,0313371732,NGUYỄN NGỌC TÀI," Số 11A Đường Hồng Hà, Phường 2, Quận Tân Bình, Thành phố Hồ Chí Minh, Việt Nam"
CÔNG TY CỔ PHẦN THỦY SẢN TCT,1801497240,PHAN MINH HIỀN TRIẾT," 289, ấp Mỹ Lộc, Xã Mỹ Khánh, Huyện Phong Điền, Thành phố Cần Thơ, Việt Nam"
CÔNG TY TNHH SINH HỌC THẢO LINH XANH,0900998013,Trịnh Thị Hà," Thôn Diệt Pháp, Xã Thiện Phiến, Huyện Tiên Lữ, Tỉnh Hưng Yên, Việt Nam"
CÔNG TY TNHH DƯỢC PHẨM TỒN SANH,1801485534,Cao Thị Diễm Trang," L5-33, khu dân cư Ngân Thuận, Phường Bình Thủy, Quận Bình Thuỷ, Thành phố Cần Thơ, Việt Nam"
CÔNG TY TNHH THẢO DƯỢC HOÀN TÂM,0314013384,Vũ Văn Hoàn," 209 Đường số 1, Phường Bình Hưng Hòa B, Quận Bình Tân, Thành phố Hồ Chí Minh, Việt Nam"
CÔNG TY CỔ PHẦN THUỐC THÚ Y AHAVET,0107595462,Nguyễn Thị Hằng," Ngõ 64 đường Ngô Xuân Quảng, Thị Trấn Trâu Quỳ, Huyện Gia Lâm, Thành phố Hà Nội, Việt Nam"
CHI NHÁNH MIỀN NAM - CÔNG TY TRÁCH NHIỆM HỮU HẠN MỘT THÀNH VIÊN AVAC VIỆT NAM,0900921941-002,NGUYỄN NAM HÙNG," 708 Quốc lộ 1A, Phường Thạnh Lộc, Quận 12, Thành phố Hồ Chí Minh, Việt Nam"
