dia_chi,hotline,ten,website
" 13 Đường Tôn Thất Tùng, Phường Phan Thiết, TP. Tuyên Quang", 0962141177,Kim Thoa Spa & Clinic - Trung tâm chăm sóc sức khỏe và sắc đẹp,https://spakimthoa.com
" Số nhà 68 ngõ 2 Giảng Võ, Đống Đa, Hà Nội."," Số 12 Ngõ 67 phố Đỗ Quang, Trung Hoà, Cầu Giấy.","Excellence Health Spa - Đánh bật âu lo, xua tan mệt mỏi",
" 125/51/4a Bùi Đình Túy, Phường 24, Quận Bình Thạnh, TPHCM", 0335081086,Diễm Nail - Chuyên phân phối phụ kiện ngành Nails,https://diemnails.vn
 0934465100,"
                                            , ,
                                        ",Văn Tới Calisthenics - Thực phẩm bổ sung & dụng cụ tập luyện,
" Số 10 Lê Văn Tám, Phường Bắc Sơn, TP Sầm Sơn, Thanh Hóa.", 0913390202,Đông Nam Hotel - Điểm dừng chân lý tưởng tại Sầm Sơn,https://dongnamhotel.vn
" Lộc Thạnh, Lộc Giang, Đức Hòa, Long An", 036 940 9877,Mỹ Phẩm Dương Trang - Thương hiệu làm đẹp và chăm sóc sức khỏe,profile.php?id=100046907717504
" 662 Lê Văn Thọ Phường 13 Quận Gò Vấp, TP Hồ Chí Minh", 0934097978,Nhiên Beauty - Phụ kiện Nails Sài Gòn,https://phukiennailsg.com
 0905911213,"
                                            , ,
                                        ",Miki House - Mỹ phẩm chính hãng đáng tin cậy,
 Hồ Chí Minh, 090 369 19 96,Kem Baongon.vn, baongonvn/
" 28 Vũ Miện, Hà Nội", 091 759 63 80,NUMA Babies - Khám phá thế giới sản phẩm cho bé từ Hàn Quốc, NumaVietnam
" Số 33, Lô TT03, Khu đô thị HD Moncity, Ngõ 4 Phố Hàm Nghi, Phường Mỹ Đình 2, Quận Nam Từ Liêm, Hà Nội.", 0868779999,Ameri Group - Tập đoàn Việt Nam sở hữu các thương hiệu chăm sóc sắc đẹp hot nhất hiện nay,https://amerigroup.vn/
"  Thửa đất số 2563, Tờ bản đồ số 15, Đường DB3A, KDC Ấp 5, Tổ 7, Khu phố 4, Phường Vĩnh Tân, Thị xã Tân Uyên, Tỉnh Bình Dương, Việt Nam", 027 4356 0245,Siêu thị nông nghiệp Tổ Ấm Xanh: Nông nghiệp sạch cho cuộc sống xanh,https://toamxanh.com.vn
 Bích Động - Việt Yên - Bắc Giang, 0867554465,Cô Giang - Luyện chữ đẹp, luyenchudepcogiang
" Khu tổ hợp du lịch Sonasea Villas and Resort CEO, Bãi Trường, xã Dương Tơ, Phú Quốc, Kiên Giang.", 0934277999,Green Tree Hotel - Khu tổ hợp du lịch Sonasea Villas and Resort CEO,https://greentreehotel.vn
" Số 57-59 đường Nguyễn Đăng Đạo, Bắc Ninh","
                                            , ,
                                        ",Nhím Store - Đồng hành cùng bé yêu,
" 15C6 Đường Số 1, Khu Biệt Thự Phú Thịnh, Phú Thọ, Thủ Dầu Một, Bình Dương", 0888877785,Độc lạ Bình Dương shop - Chia sẻ sản phẩm độc đáo từ thiên nhiên,https://doclabinhduongshop.com
" Saigon Place, 8889D Sampaloc st, Makati city, Manila", 09773343312,Saigon Store - Việt food nhập khẩu,https://saigonstoreph.vn
 Cửa hàng Thế giới sữa bỉm - Cổng Bệnh Viên Đa Khoa Tỉnh Cao Bằng, 093 311 58 87,Thế giới Sữa Bỉm - Lựa chọn tin cậy cho sức khỏe bé yêu,
" Hoàng Quốc Việt, Hiệp Hòa, Bắc Giang", 092 663 56 66,Shop chủ tịch Gấu - thế giới thời trang cho bé, thegioisuaanhtu
" 061 Ngô Quyền, P.Kim Tân, TP.Lào Cai, Lào Cai", 0866803899,Mon bé bé - Thời trang thiết kế cho bé ,MonBeBe061
" 171 Lê Quang Định, Phường 14, Quận Bình Thạnh, Tp Hồ Chí Minh", 0901678212,Big Cake - Bánh kem quà tặng sinh nhật ý nghĩa, BanhKemTrucTuyen
" Xóm 1, Xã Hoà Hậu, Huyện Lý Nhân, Tỉnh Hà Nam", 0972631357, Gee Kids- Quần Áo Sợi Tre,Geekids68
 Khóm 4 - Phường 7 - Thành phố Bạc Liêu, 0888026778,Mỹ phẩm Đông Anh - Nâng tầm sắc đẹp Việt,CEO.NguyenHuynhNhuCollagenChinhHang/
" Số 2 Vĩnh Phúc, P.Vĩnh Phúc, Q.Ba Đình, Hà Nội.",  0243.2535.138, Tân Nhạc Cụ - Nơi các thương hiệu hội tụ,tannhaccu.com.vn
" 298 Tên Lửa. Phường Bình Trị Đông B, Quận Bình Tân, TP. HCM.", 18009249,"Thu Nhạc - chuyên giảng dạy và cung cấp nhạc cụ, phụ kiện hàng đầu Việt Nam",amnhacthunhac/
"  309 Nguyễn Văn Linh (gần chung cư HuDic), Hải Dương", 0969627188  ,Kyo Food - Khám phá cửa hàng thực phẩm nhập khẩu đa quốc gia,kyofood/?ref=page_internal
" Tokyobaby Hà Nội: 1126 Đê La Thành, P.Ngọc Khánh, Q.Ba Đình, TP.Hà Nội", 0919445000,Tokyo Baby Hà Nội - Hãng nhật chuẩn cho bé và gia đình,https://tokyobaby.vn
 390 Lê Trọng Tấn Hà nội, 0943120583,Rượu bia nhập khẩu - phân phối và bán sỉ lẻ các loại rượu ngon,ruoubianhapkhauhn/
" 184 Đội Cấn, Ba Đình, Hà Nội", 093 616 41 84,Tiệm bánh Dâu Tây - Bánh ngọt Pháp và bánh tươi mỗi ngày,DauTayBakery.184DoiCan
" 234A1 Trương Định, Phường 6, TP. Bến Tre", 0345248848,Minh Minh - Kho sỉ hàng Thái Lan chính hãng, hangnoidiathailanchinhhang
"  TT dược phẩm và trang thiết bị y tế Hapu, Phường Thanh Xuân Trung, Quận Thanh Xuân, Thành Phố Hà Nội, Việt Nam", 0868.689.586,Van da liễu - cung cấp các sản phẩm da liễu chất lượng,https://vandalieu.com
" 65 Hàng Bún, Hà Nội", 094 620 03 94, Hàng xách tay.com - Hàng nhật nội địa chính hãng,hangnhat.noidia.xachtay.jp/
 0332.337.538 ,"
                                ,
                                ,
                                ,
                            ",LHY FOOD - Trải nghiệm ăn ngon không lo về giá,
" Ấp Đầu Giồng, TT. Trần Đề, H. Trần Đề, Tỉnh Sóc Trăng","
                                            , ,
                                        ",Đại lý Trường An - Chuyên cung cấp sữa dinh dưỡng chính hãng,
" 7/4 Khu Phố Bình Phước A, Phường Bình Chuẩn, TP. Thuận An, Tỉnh Bình Dương.","
                                            , ,
                                        ",Mỹ phẩm Huỳnh Như - Shop uy tín Bình Dương,
" 266 Đội Cấn, Liễu Giai, Ba Đình, Hà Nội", 19006750,Coffee Cake - thưởng thức café đúng điệu Hà Thành,https://coffecake.mysapo.net
" Số 658 Cách Mạng Tháng 8, P Chánh Nghĩa, TP. Thủ Dầu Một, Tỉnh Bình Dương"," 28 Mai chí Thọ, Phường An Phú, Quận 2, TP. Hồ Chí Minh",Wine Paradise QC - Hành trình khám phá rượu vang tinh tế,WINEParadise.QC
" 34C, Đại Lộ Đồng Khởi, P. Phú Khương, TP. Bến Tre", 094 378 80 08,Tutie Bến Tre - Mang đến chất lượng và đảm bảo an toàn cho Mẹ và Bé,tutiebentre/
" 16 Phạm Văn Đồng, Phường Nam Lý, TP Đồng Hới, Quảng Bình", (0232) 3 909 999 ,Bệnh Viện Mắt Việt An - Thắp sáng tương lai ,benhvienmatvietanquangbinh 
" Ấp 4 (Ngã 3 Cây Trôm), Xã Bình Thới, Huyện Bình Đại, Tỉnh Bến Tre","
                                            , ,
                                        ","An Nhiên Ministore - Dễ dàng mua sắm, gởi trọn yêu thương",
" Chung cư Newlife, Hoàng Quốc Việt, Bãi Cháy, Hạ Long, Quảng Ninh", 0856123689,Dua's House - Hệ thống homestay cao cấp view biển Hạ Long,https://duashouse.com/
" 13 Trần Hưng Đạo, Đắk Lắk","
                                            , ,
                                        ",47 Farm - Khô bò và các loại hạt hữu cơ đặc sản Đắk Lắk,
" Thôn Làng Giang, xã Thông Nguyên, huyện Hoàng Su Phì, Hà Giang", ,Fìn Hò Trà - Đặc sản trà tinh hoa núi rừng Phìn Hồ,
" Số 02, Đặng Ngọc Chinh, Khu Phố 1, Phường 3, TP. Tây Ninh", ,Cửa hàng Tân Nhiên - Nơi chứa đựng đặc sản vùng đất Tây Ninh,cuahangdacsantannhien 
" 249 Nguyễn Huệ, Phường 5, TP. Tuy Hoà, Phú Yên", 0978 727 239,Ba Ơi Kids - Siêu thị Mẹ & Bé,sieuthimevabeBaOi
" 6/6 Nguyễn Tuân, Lâm Đồng", 0989729407,Viên tinh nghệ Thuận Thiên - sản phẩm hữu cơ chất lượng làm mưa gió trên Tiktok,https://ruouthuanthien.com/
" 191 quốc lộ 55, Phước Bửu, Xuyên Mộc, Bà Rịa - Vũng Tàu", 0387236210     ,"Sữa Minh Khang Bà Tô - Vị ngon tự nhiên, dinh dưỡng tuyệt vời", SuaMinhKhangBaTo/?locale=fo_FO         
" 24 Trần Quốc Tuấn, Phường 4, Thành phố Bến Tre, Tỉnh Bến Tre", 0945680000,Nam Anh Cosmetic - Nâng tầm vẻ đẹp,namanhcosmetics.vn/
" 111 Nguyễn Văn Cừ, Ha Long, Vietnam", 093 699 29 36,Emma Lens - Mang lại vẻ đẹp cho cửa sổ tâm hồn,https://
" 51 Trần Hưng Đạo, TT Hai Riêng, Huyện Sông Hinh, Tỉnh Phú Yên"," 159 Trần Phú, Thị Trấn Củng Sơn, Huyện Sơn Hoà, Tỉnh Phú Yên",Shop Hoa Hậu - Chuyên cung cấp đồ dùng cho Mẹ & Bé,
" Đường Nguyễn Duy 24, Đà Nẵng","
                                            , ,
                                        ",Thiên Lý Foods - Nhà phân phối hàng đông lạnh La Cusina,
" Số 35, đường Trần Lựu, phường Thị Cầu, thành phố Bắc Ninh, Bắc Ninh", 0985202390,Nhà Thuốc Hồng Việt - Dược phẩm chính hãng,profile.php?id=100063585638510
" Khu Trung Yên, Thị trấn Yên Thịnh, Huyện Yên Mô, Ninh Bình.","
                                            , ,
                                        ",Vũ Duyên Mart - dành những điều tốt nhất cho mẹ bỉm và em,
" 118 Hùng Vương, Ngãi Giao, Bà Rịa - Vũng Tàu", 0949 444 555,Bánh Gia Hân - Thương hiệu bánh kem số 1 tỉnh Bà Rịa Vũng Tàu,https://banhgiahan.com/
" 316 Phan Bội Châu, P Thành Nhất, TP. Buôn Ma Thuột."," 11 Nguyễn Thái Học, TP. Buôn Ma Thuột.","BM Smile Food - Phân phối thực phẩm sạch, nguyên liệu tươi",
" Số 54 Nguyễn Thị Minh Khai, khóm 1, phường 2, TP. Bạc Liêu", 0947802268,"Nghé Vàng - Trao Cho Bé Môi Trường An Toàn, Khỏe Mạnh", profile.php?id=100086082026976
" 2461 QL20, Phương Lâm, Tân Phú, Đồng Nai."," 288 Hùng Vương, Madagui Tỉnh Lâm Đồng.",Hệ thống sữa bột chính hãng Trâm Anh,
 P.Tương Giang - TP. Từ Sơn - Tỉnh Bắc Ninh, 02223 745 744,Nam Giang - Bán buôn đồ sơ sinh toàn quốc,congtynamgiang
 482B Lê lợi - P. Hoàng Văn Thụ - TP Bắc Giang, 0988021479 ,"Shop Khang Baby - Chăm sóc bé yêu, tình cảm như mẹ",https://khangbaby.com/       
"
                                                , ,
                                            ", ,Đồ chơi Plaza - Nơi trẻ thỏa sức khám phá thế giới,
" 38 Hòa Phong, Xã Đắk Sắk, Huyện Đắk Mil, Đắk Nông"," Tân Bình, Xã Đắk Sắk, Huyện Đắk Mil, Đắk Nông",Siêu Thị Bỉm Sữa Mỹ Phương - Cung ứng nguồn sữa sạch cho mẹ & bé,
" 327 Nguyễn An Ninh, phường 9, Vũng Tàu", 0877445511,KeBi Momcare - Nâng Niu Cuộc Sống Của Các Thiên Thần Nhỏ, KeBiMomcare
" Khu phố Tây Cốc, Xã Tây Cốc, Huyện Đoan Hùng, Phú Thọ.", 0812468888,Hương Giang Spa - Nơi những người phụ nữ yêu cái đẹp,Healthandbeauty888 
 0762436139,"
                            ,
                            ,
                            ,
                        ","Win Cosmetics - Chuyên sỉ, lẻ mỹ phẩm chính hãng, giá tốt",
" 256 Đường Chu Văn Thịnh, Phường Chiềng Lề, Thành phố Sơn La", 0976439609,Nhà sách Mặt Trời - Ngôi nhà chứa đựng nguồn tri thức,profile.php?id=100085261605704 
" 06 Phan Bội Châu, Phường Hội Thương, TP. Pleiku, Tỉnh Gia Lai. ", 081 796 8779,"Shop Bé Cưng - Thế giới quần áo, đồ dùng cho Mẹ và Bé",becunggialai
" 36 Hà Huy Tập, Khóm 4, TT Mỹ An, H.Tháp Mười, Đồng Tháp"," 13 Nguyễn Văn Tre, Khóm 4, TT Mỹ An, H.Tháp Mười, Đồng Tháp",Anh Thi Kids - Chuyên cung cấp các sản phẩm cho Mẹ & Bé,
" 35 Lê Hồng Phong, phường Đông Thành, thành phố Ninh Bình", 0364292123,See Mee - Thiên đường mua sắm cho phái nữ, myphamseemee 
" 50 Đường Cù Chính Lan, phường Tân Thành, TP.Ninh Bình", 0917853288,CHIOP Cosmetics - Top 1 cửa hàng mỹ phẩm uy tín tại Ninh Bình, profile.php?id=100069545615921
 ," 73 Nguyễn Trãi, Đông Hà, Quảng Trị",Shop Lương - Siêu thị hàng trẻ em,
 ,"  664 Lý Văn Lâm, Khóm 6, Phường 1, Tp. Cà Mau",Bà Na Food - Khám phá ẩm thực đặc sản miền Tây,
" Khu phố 2, Hắc Dịch, Thị trấn Phú Mỹ, Huyện Tân Thành, Vũng Tàu  ","
                                            , ,
                                        ",Bách hoá tổng hợp - Duyên Châu,
 161 - Nguyễn Văn Cừ - Thành phố Vinh - Nghệ An, 19008019, Shop Mẹ Cam - Địa chỉ cung cấp các sản phẩm cho mẹ và bé,https://shop.mecam.vn/
" 117 Cống Quỳnh, Phường Nguyễn Cư Trinh, Quận 1, Thành phố Hồ Chí Minh", 19003449,Yen Market - Siêu Thị Nhập Khẩu Tiêu Chuẩn Nhật Bản,https://yenmarket.vn
" 132 Nguyễn Gia Thiều, Phường Suối Hoa, Thành phố Bắc Ninh, Bắc Ninh","
                                            , ,
                                        ",Cửa hàng tạp hoá - Sữa Sữa Lan ,
 Hòn Miễu - Nha Trang - Khánh Hòa, 0941818450,Rong sụn Lâm Hồng - Siêu thực phẩm của người Việt ,https://rongsunlamhong.vn/
" 24 Trần Cao Vân, Phường Tân Thiện, Thị Xã Lagi, Bình Thuận", 0763477943,Amoura Vegan Food - Thực phẩm cho người ăn chay,https://amoura.vn/
"
                                            , ,
                                        ","
                                            , ,
                                        ",Hải Lam Baking - Cửa hàng dụng cụ làm bánh và pha chế hiện đại,
 ,"  11 Nguyễn Trãi, P. Phước Tiến, TP. Nha Trang, Khánh Hoà",Bắp Xynh Cosmetics - Điểm đến lý tưởng cho các tín đồ làm đẹp,
" Thị trấn Phú Mỹ, huyện Phú Tân, An Giang", 0937518225,Kim Lợi Chợ Mới - Hệ Thống Chăm Sóc Sức Khỏe Và Sắc Đẹp, kim.loi.921 
" Số 55 Nguyễn Quang Ca, Phường Suối Hoa, Thành Phố Bắc Ninh, Tỉnh Bắc Ninh", 0898287888,Gia đình Danke - Dinh dưỡng cho người Việt,
" Số 10/112 Tây Sơn, Quận Đống Đa, Hà Nội", 096 923 45 01,AnNam Food - Ẩm thực xưa,annamchef.annamfood/
 0988 983 2268 ,"
                                                , ,
                                            ",Kimchi Baby - Thời trang đồ bộ cao cấp cho bé Designed by Korea,
" 163 Nguyễn Văn Trỗi, phường 4, TP. Vũng Tàu", 0912796800,Sakura Vũng Tàu - Hàng Nội Địa Nhật Chất Lượng, sakurafamily.vungtau
" 380 Bà Triệu, P. Quang Trung, Kon Tum, Việt Nam", 098 229 82 90,"Mẹ và Bé yêu - Bé an toàn, Mẹ an tâm", Cuahangmevabeyeu/ 
 093 882 23 47,"
                                                , ,
                                            ",Đặc sản Huỳnh Cúc - Mang ẩm thực Miền Tây đến với mọi miền của tổ quốc,
" 79 đường 3/2, thị trấn Tri Tôn, huyện Tri Tôn, An Giang", 0946999963,Shop Gấu - Sự Lựa Chọn Hàng Đầu Cho Mẹ Bầu Và Bé, shopgauag
"
                                ,
                                ,
                                ,
                            ",,"Gracie's Little Corner - Góc Nhỏ Mỹ Phẩm, Nước Hoa Chính Hãng",
" 370 Bùi Hữu Nghĩa, Phường Bình Thủy, Quận Bình Thủy, TP. Cần Thơ ", 0903.887144,"Bột Hoà Ký - Gia vị độc đáo, bí quyết của các đầu bếp chuyên nghiệp.",hoakylttp/ 
" 403 Xã Đại Hợp, Huyện Kiến Thuỵ, Hải Phòng", 0399242655 ,"Chung Nhung shopping mall - Mua sắm thoải mái, tiện ích cho mọi nhà", profile.php?id=100081810197886 
" 168A Ngô Gia Tự, Phan Rang - Tháp Chàm ", 0798 220 598,"Bon Fruits - Thực Phẩm, Trái Cây Nhập Khẩu Phan Rang", profile.php?id=100090826965216
" 12 Cầu Bè, Nha Trang, Khánh Hòa","
                                                , ,
                                            ",Bách hoá Vịt Lam - Sản Phẩm Sạch Từ Thiên Nhiên Tại Nha Trang,
 036 881 2227,"
                                                , ,
                                            ",Cẩm Nhi - Face Pháp - Body mềm Acosmetics Chính Hãng,
 033 929 8975,"
                                                , ,
                                            ",Mimo Baby - Những điều xinh đẹp nhất cho bé yêu ,
" Số 17-19 Đường số 6, Cư Xá Bình Thới, Phường 8, Quận 11, TP Hồ Chí Minh", 038 339 0946,EO Resto Bakery - Ngọt ngào trong từng miếng bánh,eorestobakery.saigon/ 
" Số 37, đường Hoàng Văn Thụ, Bắc Giang", 0979988233,"Thảo Nguyễn Shop - Địa Chỉ Uy Tín Cho “Cục Cưng Bé Nhỏ"" Và Mẹ", profile.php?id=100073104323708
"  09- Đường Anh Dũng, Huyện Ninh Sơn, Việt Nam",  098 441 11 96,Baby Shark Shop - Hiểu bé yêu như mẹ, profile.php?id=100083011338405 
" 42 Trịnh Đình Thảo, TT.Dương Minh Châu, TP Tây Ninh", 093 123 0950,Hải Sản Tươi Sống Phong Sò - Hương vị thơm ngon của biển cả,haisantuoisongphongso
 033 466 3739,"
                                            , ,
                                        ",Sữa Kim Thoa - Hệ thống sữa chất lượng toàn quốc,
" huyện Thọ Xuân, tỉnh Thanh Hoá", 037 823 1379,Lạc Lạc Kids - Chuyên quần áo cho bé chính hãng, profile.php?id=100064383420513&locale=hi_IN
" 142 phố Đức Tâm, TT Văn Quan, Lạng Son, Việt Nam","
                                            , ,
                                        ","Cửa hàng tự chọn 142 - Mua tiện lợi, sắm an tâm ",
 094 458 20 29,"
                                            , ,
                                        ",Hệ Thống Sữa Bột Ầu Ơ - Địa chỉ cung cấp sản phẩm chất lượng,
" 919/40b Hương Lộ 2, Bình Trị Đông A, Bình Tân, Hồ Chí Minh", 0704041717,Chảnh Beauty - Cửa Hàng Mỹ Phẩm Hàng Đầu Tại Hồ Chí Minh,chanhbeauty90.xuyen
" 276 Quang Trung, Nam Định", 0829918686 ,Bear House - Nơi Gìn Giữ Nhan Sắc Của Bạn, bearshousecosmetic 
" 401 Phan Chu Trinh, Tam Kỳ, Quảng Nam", 0774400123,Chảnh Cosmetic - Đồng Hành Cùng Các Cô Gái Trên Hành Trình Làm Đẹp, ChanhCosmetics.VN
" Ấp 8, xã An Thuỷ, Ba Tri, Bến Tre", 0366331423,Mẹ TINA - Nguồn Sữa Dành Cho Các Thiên Thần Nhỏ, shopsuaMeTina 
" Cầu Cái Trăng, ấp Xóm Lớn Ngoài, xã Hàng Vịnh, huyện Năm Căn, tỉnh Cà Mau", 0838600808,Bách hoá Mỹ Duyên - Tiệm Bách Hoá Của Lý Tưởng Cho Gia Đình Bạn, profile.php?id=100078146319475 
" T24, cảng Đình Vũ, Hải Phòng", 0786379255,"Cherry Cherry - Balo, Túi Xách Và Đồ Dùng Dễ Thương Cho Bé", nhicherry19/ 
" Cam An, Xã Cam An, Huyện Cam Lộ, Quảng Trị ", 0932507066,"BomShyn - Chăm sóc làn da, nuôi dưỡng sắc đẹp",
 096 359 19 86,"
                                            , ,
                                        ",Long nhãn sông Mã Sơn La - Món ăn tiến vua hảo hạng,
" 25 Trần Cao Vân, Thành phố Huế", 0905995548,Giày Bé Sữa - Chuyên cung cấp giày dép trẻ em Quảng Châu,Giaybesuagiaydeptreemhangquangchau
" 457 Sài Thị, thị trấn Khoái Châu, Khoái Châu, Hưng Yên", 0986075347 0977641416 0981183689,MYAN MART - Trải nghiệm mua sắm đa dạng tại siêu thị ở Hưng Yên,
" Thị trấn Nông trường Mộc Châu, Mộc Châu, Sơn La", 0941143377 ,Tạp hoá Phương Hiệp - Tiệm Tạp Hoá Tuổi Thơ Của Mọi Nhà Tại Mộc Châu,
 093 864 55 48,"
                                            , ,
                                        ",Mỹ phẩm Dr.Halee - Giữ gìn nét đẹp của thanh xuân,https://
" Số 06 Ngõ 143 - Đường Đinh Tiên Hoàng - Thành Phố Ninh Bình, Ninh Bình", 091 235 1595,Kids xuất-Cẩm Vân Nguyễn - Chất lượng khẳng định thương hiệu,hangxuatcamvan?locale=pt_BR
" Thôn Đoàn Kết, Xã Ia Pal, Huyện Chư Sê, Tỉnh Gia Lai", 0979998433 - 0986768790,"Yến An - Thượng đỉnh yến sào ngon từ chất, thật từ tâm",https://yenantaynguyen.com/
" Số 2B Văn Cao, Xuân Phú, Thành phố Huế",  0837866573,"Nina Kids Boutique - Tín đồ mua sắm đồ trẻ em uy tín, chất lượng",NinaKidsBoutique
" 32 Nguyễn Du, Nam Định, Vietnam", 0942094068,"Ngân Hà Baby - Sản phẩm chất lượng, đảm bảo sức khoẻ cho mẹ và bé",nganhababynamdinh
 0976867955,"
                                                , ,
                                            ","Kim Lan Kid’s - Quần Áo, Phụ Kiện Cao Cấp Giá Rẻ Cho Các Bé ",
 SN 165- đường Trường Chinh( đường 41 kéo dài)- Tp Bắc Kạn, 0943147409- 0942731777,"Nhà thuốc Y Tâm - Khám & điều trị các bệnh nội nhi, tư vấn dinh dưỡng", phongkhamytambk/
" Tổ 9, Khu phố 1, Thị trấn Trảng Bom, Huyện Trảng Bom, Đồng Nai", 0976267442,Cửa hàng sữa Nam Khánh - Đồng hành cùng sự phát triển của bé yêu,profile.php?id=100066506954723 
"
                                                , ,
                                            ", 096 837 63 33,Bơ BabyShop - Phong cách đáng yêu cho những thiên thần bé nhỏ,
 Thanh Khê - Thanh Trạch - Bố Trạch - Quảng Bình, 037 368 6093,Nhà thuốc Bảo Bình - Bảo vệ bình an cho sức khoẻ gia đình bạn, nhathuocbaobinh
" Tổ 3, phường Xuất Hoá, thành phố Bắc Kạn, tỉnh Bắc Kạn", 0983681100,Bách Hóa Hùng Dung - Giải pháp toàn diện cho nhu cầu của bạn, profile.php?id=100089202420301
" 173 đường 30/4, Phường Phú Thọ, Thành phố Thủ Dầu Một, Bình Dương","
                                                , ,
                                            ",Hải sản sạch Thủ Dầu Một - Chuyên phân phối sỉ và lẻ các loại hải sản,
" Xã An Tây, Thị xã Bến Cát, Bình Dương", 0963359619,Ngân Phạm Korea - Chuyên mỹ phẩm Auth,nganphamkorea888 
" 114 Phú Lợi, phường Phú Hòa, Thủ Dầu Một, Bình Dương", ,Huệ Thu Cakes - Thế giới dụng cụ đồ làm bánh,HueThuCakes 
" 194 Đoàn Thị Điểm, phường Quyết Thắng, tỉnh Kon Tum", 0983286057,Uttetkids - Thời Trang Phong Cách Hàn Quốc Cho Các Thiên Thần Nhỏ, uttetkids
" Đối diện toà CT1 chung cư Lạc Hồng Phúc , thị xã Mỹ Hào, Hưng yên.", 0358963692,Thóc Gạo - Thế Giới Mua Sắm Hàng Đầu Cho Mẹ Và Bé Tại Hưng Yên,
" Số nhà MG4-12 Vincom Shophouse, 260 Đường Quang Trung, phường Phan Thiết, Tuyên Quang.", 0913963822,Mộc Store - Dành Tặng Bé Yêu Những Giây Phút Vui Vẻ Đầu Đời, mocstore419/
" 107 Ỷ Lan, Quy Nhơn, Bình Định","
                                            , ,
                                        ",Quỳnh Baby Kids Shop - Thời trang cho bé yêu,
" KP Phụng Du 2, Xã Hoài Hảo, Huyện Hoài Nhơn, Bình Định ", 0906 548 066,Hưng Thịnh Đạt - Nước mắm truyền thống cao cấp bếp xưa,nuocmammientrung
 949345672,"
                                            , ,
                                        ","Nail box store - Tổng kho phụ kiện & móng tay giả đẹp, giá rẻ",
" 356 Nguyễn Văn Cừ, phường Tân Lập, TP. Buôn Ma Thuột, Đắk Lắk."," Chung Cư Botanica Premeir Block A (Sảnh A1) 108 Hồng Hà, phường 2, quận Tân Bình, TP. Hồ Chí Minh.",Api Food - Thế Giới Hạt Dinh Dưỡng Organic Và Hoa Quả Sấy,Vuhoangnha.Apifood  
" 11 Ngô Quyền, Trần Hưng Đạo, Thành phố Quy Nhơn, Bình Định.", ,Dolly Boutique - Chăm sóc sắc đẹp toàn diện,Dolly.BoutiQue1
" 518 Quốc lộ 1, Phường 2, Tp. Sóc Trăng (ngay Cầu Đen), Sóc Trăng", 091 880 08 84,"Nhà Phân Phối Hưng Đại Phát - chuyên cung cấp sỉ và lẻ Bia, nước ngọt",changagoiNhungStore 
" 658 CMT8, Khu phố 7, Phường 3, Thị trấn Tây Ninh, TP. Tây Ninh", 0937 441 589,May Cosmetic - Biểu tượng cho sắc đẹp và hương thơm đẳng cấp,https://maycosmetic.com.vn/
 0942779094,"
                                            , ,
                                        ","Nguyễn Linh Shop - Chuyên sỉ & lẻ thời trang, mỹ phẩm cho phái đẹp",
"
                                            , ,
                                        ", 098 176 98 51,Shop Bé Yêu - Thời trang trẻ em số 1 Hải Dương,
"
                                            , ,
                                        ", 096 118 78 57,Shop Thu Hương - Cung cấp sản phẩm chăm sóc sắc đẹp giá tốt,
"  13 Trân Văn Phụ, Buon Ma Thuot", 082 754 7747,Nhà Mình - Thực phẩm sạch Buôn Mê Thuột, bepcuahuynhhien
" ĐT882, Thành An, Mỏ Cày Bắc, Bến Tre","
                            ,
                            ,
                            ,
                        ",Cửa hàng Quỳnh Hương - Vì người tiêu dùng,
" 14 Đ. Vũ Duệ, Nông Trang, Việt Trì, Phú Thọ", 0971.28.28.66,Imochi Chuyên mỹ phẩm & TPCN Nhật nội địa chính hãng,imochivn
" 10/16 Tháp Bà, Nha Trang", 0866664955,"Vườn rau NT - Ngon, sạch và dinh dưỡng", vuonraunt
 0904 998 990,"
                                                , ,
                                            ",Cốm ăn ngon Bạch Mai - Món quà sức khỏe cho trẻ em và người lớn,
 ,"
                                                , ,
                                            ",Công ty Sản xuất Thương mại Gạo Việt Nam,
" Nam Kỳ Khởi Nghĩa,P5,TP Bạc Liêu"," 194 (số 54 mới) Cách Mạng , P1 .TP Bạc Liêu",Yến Nhi Kho Sỉ Bạc Liêu - là nơi mà bạn có thể tìm đến,
" C39 Trung Tâm Thương Mại, Phường 3, Thành Phố Bạc Liêu (Kế Bên Vincom Plaza)", 034 938 3333,An Bébé - Hệ thống Mẹ và Bé tận tâm chăm sóc,https://anbebe.vn
" Số 7 Nguyễn Quý Anh, P. Tân Sơn Nhì, Q. Tân Phú, TP. HCM", 037.297.3833,"The Cellar 7 - Nơi mua sắm rượu uy tín, đẳng cấp", thecellar7.sg/
 78/1 Tân Sơn Nhì - Tân Sơn Nhì - Tân Phú - TP. Hồ Chí Minh, 02877739789 ,Minie Cosmetics - Chuyên cung cấp mỹ phẩm chính hãng đa dạng và uy tín,www.miniecosmetics.vn
" Hòa Mạc, Trắc Vân, Hà Nam", 0889505575,Tổng kho Nhật Hân - Cái gì cũng có,
" 09A Lê Trực, Đồng Hải, Tp. Đồng Hới, Quảng Bình", ,Kodomo Mart - Ăn dặm cùng con yêu, Andamdonghoi
" 166 Bàn Cờ, Phường 03, Quận 3, Hồ Chí Minh", 0908350755,"Linh Vy Boutique shop - chuyên hàng xách tay Hàn, Mỹ, Đức, Nhật ", Linhvyboutiqueshop 
 Thôn Lương Ngọc - xã Thúc Kháng - huyện Bình Giang - tỉnh Hải Dương, 0971 543 009,MaiNomi - Trang sức vàng bạc uy tín với nét thiết kế riêng độc đáo,
" 42-44 Ấp Bắc, P.13, Q. Tân Bình, Tp. HCM", 090 960 61 18,ECO TRUE MART - Siêu Thị Tiện Ích,https://www.facebook.com/ECO-True-Mart-104034935519155
" Tổ 4 p. Chiềng Sinh, Tp. Sơn La, Tỉnh Sơn La", 0975 635 885,SaNa - Thương hiệu phân phối thực phẩm bổ sung cho bé uy tín hàng đầu Việt Nam, SaNathegioisuatot
" 18 Nơ Trang Long, Phường Tân Bình, Đồng Xoài, Bình Phước","
                                            , ,
                                        ","Đại lý sữa Thanh Tú - Niềm tin cho mẹ, sức khoẻ cho con ",
 , 0826388886,Alo Dental - Cửa hàng thiết bị phòng khám nha khoa,
" Số 8/88 Huỳnh Tấn Phát, khu phố Hiệp Lễ, P Hiệp Ninh, TP. Tây Ninh"," 885, Cách Mạng Tháng 8, phường 7 Tân Bình, TP. Hồ Chí Minh","Phúc An Bakery - Bánh kẹo Việt, Hương vị Việt ",PhucAnBakery 
" 171 Lâm Văn Bền, Bình Thuận, Quận 7, Thành phố Hồ Chí Minh", 0973401051,Tấm Bakery - Sự lựa chọn hoàn hảo cho những tín đồ bánh ngọt ,tambakery.vn.hochiminh/
" 1F Liên tỉnh 5, Phường 05, Quận 8, Hồ Chí Minh ", 0888070308  ,Parfumerie - Thương hiệu phân phối nước hoa chính hãng uy tín tại Hồ Chí Minh,parfumerie.vn 
" 102- 104 Trần Nguyên Đán -phường 3 - Quận Bình Thạnh, Hồ Chí Minh", 08 8686 4848,Ra Khơi Seafood & Beer - thưởng thức các món hải sản tươi rói,rakhoiseafoodbeer 
 ," T1.4, Toà COMPLEX 01, số 29 ngách 31 ngõ 167 Tây Sơn, P.Quang Trung, Q.Đống Đa, Hà Nội",Tiệm tạp hoá nhà May -  Nơi bạn được thỏa mãn niềm yêu thích sáng tạo và may vá,
 ," 76 - 77/1 Đường Nguyễn Ái Quốc, Khu Phố 8A, Phường Tân Biên, Thành phố Biên Hòa, Đồng Nai","Cửa hàng Trang Thu - Hàng gia dụng, mỹ phẩm",
" 680 Nguyễn Đình Chiểu, Phường 3, Quận 3, Tp HCM", ,Picko Skinfood - nhà phân phối mỹ phẩm chính hãng Hàn Quốc tại Việt Nam,
 ," 28 Vân Côi, Phường 7, Quận Tân Bình, TP. HCM",Khô Nhà Ngoại - Sản phẩm đồ khô 100% thủ công không chất bảo quản ,
" 140 Phan Thanh, Q.Thanh Khê, Đà Nẵng, Việt Nam", 0906858652  ,Cửa hàng mỹ phẩm Mila de Beaute,https://shopee.vn/mila.de.beaute.140
" Diễn Pháp, Diễn Châu, Nghệ An", 096 361 92 79,Siêu thị sữa Kid Baby Hoàng Nguyên - Địa chỉ tin cậy cho mẹ và bé, SIEUTHISUAKIDBABY
 091 152 63 63," 7A/33/5 Thành Thái, Phường 14, Quận 10, Hồ Chí Minh","Ăn vặt Sài Gòn 1992 - Quán ăn vặt ngon, bổ, rẻ tại Quận 10 TPHCM",
" 379C Nguyễn Văn Tư, Phường 7, Thành phố Bến Tre, Tỉnh Bến Tre", 0888 818 899,Kẹo dừa Bến Tre cô Hai Tỏ - Hương vị tinh tế từ dừa tự nhiên,https://www.bentredonga.com
" 407/42/45 Sư Vạn Hạnh, Phường 12, Quận 10, Hồ Chí Minh", 0337 441 424 ,TL Family - Thực phẩm bổ dưỡng cho sức khỏe, profile.php?id=100085185906635
 091 848 11 66,"
                                            , ,
                                        ","Em Fresh - Bữa ăn lành mạnh, sống phong cách",https://emfresh.vn/ 
"  Cư xá Đồng Tiến, Phường 14, Quận 10 Thành phố Hồ Chí Minh", 090 998 15 86,Bếp Mỡ Mỡ - Chuyên sỉ lẻ đồ ăn vặt hot trend , bepmomo.homemade/?ref=page_internal
" 569  Âu Cơ, Phường Phú Trung, Quận Tân Phú, Hồ Chí Minh", 098 106 56 40,Gà Bang Chủ - Vị ngon vang danh thiên hạ,Amthucbangchulau 
"  666/10 Đường 3/2, Phường 14, Quận 10, TP. HCM", 090 908 80 79,Herana Cometics - Mang đến vẻ đẹp rạng ngời cho bạn,heranahcm/ 
" 232/1A Cao Thắng, Phường 12, Quận 10, Thành phố Hồ Chí Minh", 0764 017 408,HOA BEAUTY LASHES - Thương hiệu đứng đầu ngành làm mi ,hoabeautylashesvn
" 38 Tân Sơn Nhì, P. Tân Sơn Nhì, Q. Tân Phú, Tp. Hồ Chí Minh", 098 688 11 05,"Bác 2 Voi - Gà Ủ Muối đậm vị, chất lượng hàng đầu Sài Gòn",Bac2Voi.Ga.Ri.U.Muoi.Nguyen.Con?locale=vi_VN
" LK 10-8 Tổng cục 5 Yên Xá, Xã Tân Triều, Huyện Thanh Trì",  02473036822,Công ty cổ phần dược phẩm Happy Phar  ,https://happyphar.com/
" 09A cách mạng Tháng 8, 772 Phạm Văn Đồng, Pleiku, Gia Lai", 091 982 43 58,"Mai Nguyễn - Nguyên liệu pha chế cao cấp, chính hãng", NLPCMaiNguyen/
" Khu phố Yên Phong, Hàng Trạm, Yên Thủy, Hòa Bình", 096 837 63 33,"Bơ Baby Shop - Thời trang, phụ kiện trẻ em cao cấp", BoBabyShop68/
" 542 Bà Triệu, Đông Kinh, Lạng Sơn"," 50 khu Dây Thép, Đồng Đăng, Lạng Sơn",Shop Tom Baby - Thế giới của bé,
" Đường Nguyễn Công Thành, Phường Hòa Mạc, Thị xã Duy Tiên, Hà Nam", 098 835 57 98,Thủy Cường Fruits - Hoa quả tươi nhập khẩu, profile.php?id=100086032826163 
" Nguyễn Khắc Tính, Buôn Ma Thuật, Đắk Lắk.", 0903508081,Tuyền BMT - Sản Phẩm Làm Đẹp Uy Tín Tại Đắk Lắk,
" Số 710 Bạch Đằng, Phường Bạch Đằng, Quận Hai Bà Trưng, Hà Nội", 0934 98 0000 , JENNY SHOP - Cung cấp mỹ phẩm chất lượng từ các thương hiệu hàng đầu,MyPham.Jennyshopp.710bachdang
" Số 57 đường 30 tháng 4, phường 3, TP. Tây Ninh, Tây Ninh, Vietnam", 085 757 3004,Bánh tráng chị Hằng -  Hương vị Tây Ninh với cách làm sáng tạo,profile.php?id=100068720634997
" 26 Hoàng Cầu, Quận Đống Đa, Hà Nội","
                                                , ,
                                            ",Propercorn - Thương hiệu bỏng ngô chuyên nghiệp đầu tiên tại Việt Nam,https://propercorn.com.vn
"
                                ,
                                ,
                                ,
                            ",,HaiHangDuc - Sỉ lẻ đồ tiêu dùng Đức chất lượng ,
" Khu đô thị sinh thái Lam Hạ, phường Lam Hạ, Phủ Lý, Hà Nam"," CT2 Vimeco Nguyễn Chánh, Cầu Giấy, Hà Nội",Shop mẹ Chin - Chuyên máy hút sữa chính hãng,
"  Hải Xuân, Hải Hậu, Nam Định", 0965.654.309,Lily shop - Thời trang trẻ em hiện đại, Lily0971356033/
" Số 83 Lê Hồng Phong, Ayunpa, Gia Lai", 098 871 81 79,Cửa hàng sữa Việt Nhi - Tất cả vì con yêu, cuahangsuaVietNhi/
" PS1, 5A KĐT Zen Village, Tổ 12, Hữu Nghị, Hòa Bình", 0977319692,Mẹ và bé 28 - Tổng kho bán buôn bán lẻ đồ trẻ em giá tốt,profile.php?id=100083146797143
 0969753515, ,Nous HCM - Thương hiệu thời trang trẻ em uy tín hàng đầu Việt Nam,
" Số 227 Quang Trung, Huyện Kbang, Gia Lai"," Số 1 Hai Bà Trưng, Huyện Kbang, Gia Lai","Cửa hàng sữa Văn Tiện - Chất lượng đảm bảo, uy tín lên cao", CuahangsuaVanTien
" Vườn Địa Đàng, Đắk Nông", ,LalaFarm - Sản Phẩm Của Những Người Mộng Mơ Và Thiên Nhiên,
" 267 Nguyễn Thị Định, Bình Trưng Tây, Quận 2", 0931878435,"Bánh tráng Hoàng Dũng - chuyên sỉ lẻ các loại bán tráng, đồ ăn vặt", profile.php?id=100063128865228
"
                                            , ,
                                        ","
                                            , ,
                                        ",Bích Liễu - Kho Gia Dụng Và Đồ Sơ Sinh Giá Rẻ,
" 22 - 24 Đoàn Nguyễn Tuấn, phường Đề Thám, TP Thái Bình."," 152 Trần Hưng Đạo, phường Đề Thám, TP Thái Bình.",Hằng Nguyễn Shop - Siêu Thị Thu Nhỏ Chuyên Sỉ Lẻ Các Mặt Hàng,
" 153 Nguyễn du, Nam Định, Vietnam", 091 893 35 56,Hà Thành rượu nhập khẩu - Mang cảm xúc từ Châu Âu đến Thành Nam,
" 43 Nguyễn Sơn, P.Thạnh, T.Phú", 0937789288,Mint’s Closet - Tinh hoa thời trang trẻ em ,https://mintscloset.com.vn/
" 173/5 Phạm Phú Thứ, Phường 11, Tân Bình, TP Hồ Chí Mình", ,Hebekery - Thực phẩm chăm sóc sức khoẻ và sắc đẹp,
" 99 Tiểu Hoàng,TT Tiền hải, Thái Bình.", 0964530134,Ngọc Huệ Shop - Chuyên body hình thú đáng yêu cho bé, chuyensibodythu
" Số 2A Ngõ 57 Đường Xuân Hòa Tổ 24 Phan Đình Phùng TPTN, Thái Nguyên", 0868 871 886,Tổng kho Huyền Trần - Chuyên bán buôn bán lẻ hàng gia dụng,
 0936901789, ,Banhngot.vn - Bánh kem hương vị Việt nổi tiếng tại Việt Nam,banhngotsinhnhat
" 365 Hai Bà Trưng, Phường 8, Quận 3, TP.HCM", 02838292590,Như Lan - Tiệm bánh mang hương vị quê nhà,https://trungthunhulan.vn/
" 505 đường Trung Mỹ - Tân Xuân, ấp Chánh 2, xã Tân Xuân, huyện Hóc Môn, Tp. Hồ Chí Minh", 0332344914,GUfoods - Cảm hứng ăn kiêng từ hạt gạo lứt,https://www.gufoods.com/
" 76/5 Đường Nguyễn Thị Thập, Phường Bình Thuận, Quận 7, Tp. Hồ Chí Minh","
                                                , ,
                                            ",Zhangfoods - Thực phẩm bánh dinh dưỡng mang phong cách Châu Âu ,https://zhangfoods.com/
" Xóm 2 - xã Hải Vân - huyện Hải Hậu, Nam Định", 0228 3777 115,Phòng khám đa khoa Kim Thành - Đồng hành cùng sức khỏe gia đình bạn, pkdkkimthanh
" Cửa Hàng MT MART, Số nhà 390A, Tổ 16, Phường Minh Khai, Thành Phố Bắc Kạn, Tỉnh Bắc Kạn.", 033 992 8118,Trung tâm mua sắm Minh Thường - MT Group,
" số 8 Quang Trung, Hà Đông", 0943 199 699,"Sapo Bakery - Bánh tươi mỗi ngày, an toàn vì sức khỏe cộng đồng",https://sapobakery.com
  035 639 9063,"
                                            , ,
                                        ",Hồng Ngự - Kho sỉ đồ ăn vặt tuyệt vời cho tâm hồn ăn uống ,
 ,"  415 đường 30/4, Tổ 94, Khu 8, Phường Phú Thọ, TP. Thủ Dầu Một, Tỉnh Bình Dương","CP Fresh Shop – Cửa hàng thực phẩm sạch, uy tín và chất lượng",
" Đội 1, Trực Thái, Trực Ninh , Nam Định","
                                            , ,
                                        ",Siêu thị sữa Trực Thái,
 0896125135,"
                                                , ,
                                            ", Uni Japan - Địa chỉ tin cậy mua sắm hàng Nhật nội địa chất lượng,https://unijapan.com.vn/
" Huyện Hòa Thành, Tây Ninh","
                                ,
                                ,
                                ,
                            ",CH Anh Thư - Chuyên cung cấp các loại sữa cho trẻ và đồ gia dụng,
" 16A Lê Hồng Phong, Phường 12, Quận 10, Tp HCM", 0906761509,Pretty.Tips - Nâng tầm vẻ đẹp của bạn với sản phẩm chất lượng ,PrettytipsVietnam
"  Số 29C Ngõ 420 Khương Đình, Phường Hạ Đình, Quận Thanh Xuân, Hà Nội", 0922.08.08.89,Sam House Shop -  Baby Kids Clothing,SamHouse.Shop/ 
 ,"
                                                , ,
                                            ", Nhà Gạo - Bánh kẹo handmake Healthy ,
 Gần cầu Bo - xã Yên Chính - huyện Ý Yên - tỉnh Nam Định, 0962739395,Thế giới sữa HLV - Cửa hàng bỉm sữa lớn nhất khu vực xã Yên Thắng, profile.php?id=100066308269362
" Chợ Đập, Xã Hải Xuân, Huyện Hải Hậu, Nam Định", 096 387 89 09,Hải sản Phương Diệu - Bán buôn hải sản lớn nhất khu vực chợ Đập, profile.php?id=100078081117808
  121 C10 phố Phương Mai - Đống Đa - Hà Nội, 0914.102.381,"Thiết bị y tế Hảo Anh - Phân phối dụng cụ, sản phẩm, vật tư y tế",https://ytehaoanh.vn/
"
                                            , ,
                                        ",  0705 255 799 ,Siêu Thị Hữu Nghị - Điểm đến cho sản phẩm nội địa Trung tuyệt vời,
" Số 11, ngách 1/52, ngõ 1 phố Phạm Tuấn Tài, Phường Dịch Vọng Hậu, Quận Cầu Giấy, Hà Nội", 0982 037 372 / 0369 794 317,Riami Food - Công ty kinh doanh thực phẩm nhập khẩu,https://riamifood.com/
 0369048201,"
                                ,
                                ,
                                ,
                            ",Bảo An Shop - Chuyên Sản Phẩm Nội Địa Thái Lan,
" Tổ 3, ấp 18 Gia Đình, Xã Bảo Quang, Thành phố Long Khánh, Đồng Nai", ,Minh Huy Food - Hoa quả sấy khô,profile.php?id=100086425577069
 038 593 8841,"
                                            , ,
                                        ",Văn Tới Calisthenics - Nguồn cảm hứng cho hành trình rèn luyện cơ thể,
" 23 Trần Phú, Phường Cái Khế, Quận Ninh Kiều, Cần Thơ","
                                            , ,
                                        ",Swanicoco Viet Nam - Mỹ phẩm chính hãng Hàn Quốc,
" Số 10 Trần Phú, P. Mộ Lao, Q.Hà Đông"," Số 323 Xô Viết Nghệ Tĩnh, P. 24, Q.Bình Thạnh",30Shine - Thương hiệu chăm sóc vẻ đẹp nam giới hàng đầu Việt Nam,https://shop.30shine.com/
" 83/49 Ấp 7, Xã Xuân Thới Thượng, Huyện Hóc Môn, Hồ Chí Minh", 0938299944 ,Bách Hóa Tổng Hợp - Cô Ba Miền Tây ,https://cobamientay.com
 P.Tương Giang - TP. Từ Sơn - Tỉnh Bắc Ninh, 02223 745 744,Công ty Nam Giang - Bán buôn đồ sơ sinh toàn quốc, congtynamgiang/
" 3L/2 Ngô Sĩ Liên, P14, Q8, TP.HCM", ,Nguyên liệu bột thiên nhiên Thực Thảo - Địa chỉ vàng cho nàng mua bột thiên nhiên nguyên chất,nguyenlieubotthiennhien 
" 69/45A, đường số 3, phường Bình Hòa, Bình Tân, Thành phố Hồ Chí Minh", ,Yellow Ribbon - Sản xuất và phân phối các dòng thời trang trẻ em và gia đình,
" Khu VINCOM, Đường 3/2, Phường 5, Tp. Vị Thanh, Hậu Giang"," Số 203, đường Trần Hưng Đạo, Phường V, Thành phố Vị Thanh, Hậu Giang",Hoàng Giang Food - Nơi cung cấp trái cây và thực phẩm chay uy tín tại Vị Thanh ,
" Chung Cư Cửu Long số 351/31 Nơ Trang Long, Phường 13, Quận Bình Thạnh, Hồ Chí Minh",  089 967 78 99,Nông sản Giọt nắng - Sản phẩm chất lượng cao của người nông dân Việt,https://www.nongsangiotnang.vn/
" 1F Quốc lộ 50, Phường 5, Quận 8, TP. Hồ Chí Minh", 0888070308,PARFUMERIE - Những Cảm Xúc Tuyệt Vời Của Mùi Hương,https://parfumerie.vn
"  149A Phố Huế, Hai Bà Trưng, Hà Nội",  091.641.9999,Hương Anh Spa  - Chăm sóc từ sức khoẻ đến vẻ đẹp của bạn, HASpaYoga/?ref=page_internal
"  20 Lê Thánh Tôn, Ấp Nam Sơn, Thị trấn Núi Sập, Huyện Thoại Sơn, An Giang","
                                            , ,
                                        ",Cửa hàng bách hoá uy tín Giáo Phát An Giang,https://vuongquoccuong.sapopage.com
" 100/2 Nguyễn Đình Chiểu, P.Đa Kao, Q.1"," 7/5 Lê Thị Hà, Tân Xuân, Hóc Môn",Yến Thị Sài Gòn - Sự lựa chọn cho cả nhà ,H.HOutlet 
" 294 Huỳnh Tấn Phát, Phường Tân Thuận Tây, Quận 7, Thành phố Hồ Chí Minh",  0797 374 277,Dược Trả Góp - Hệ thống phân phối và bán thuốc trả góp trực tuyến tại Việt Nam ,
" Số 17 Đường số 1A, Phường Bình Chiểu, Thành phố Thủ Đức", 0988 139 811,Đàm Lực Piano - Trung tâm Âm nhạc và Nhạc cụ uy tín khu vực Thủ Đức,https://damlucpiano.com
 0868466333,"
                                            , ,
                                        ",Đồ chơi Củ cải - Chuyên sỉ đồ chơi trẻ em,
" 23B Đường Số 1, Khu Dân Cư Bình Chiểu 2, Phường Bình Chiểu, Thành Phố Thủ Đức, Hồ Chí Minh", 0389708878 - 0929760888,Hà Anh Fruits - Chuyên cung cấp sỉ lẻ trái cây nhập khẩu, HaanhfruitsOfficial
" 977 Trần Hưng Đạo, Phường 5, Quận 5, Thành phố Hồ Chí Minh ", 0933 050 068,Lyna Fruits - Cửa hàng trái cây nhập khẩu uy tín ở Sài Gòn ,https://lynafruits.vn
" 793A Ba Đình, Phường 10, Quận 8, TP.HCM", 037 739 9000,Hector Kim Tuyến - Đông trùng hạ thảo ,https://hector.vn
" Đường Suối Dinh, Khu 3, Ấp Lộc Hòa, Xã Tây Hoà, Huyện Trảng Bom, Tỉnh Đồng Nai", 0973424453,Phương My Beauty - Nhà phân phối mỹ phẩm Orenya cao cấp,
" 20 Cộng Hòa, Phường 12, Quận Tân Bình, TP. Hồ Chí Minh", 098 7422 247,FUDO TISSUE - Khăn giấy tre 100% không tẩy trắng,fudovietnam
" 456 Đường Bưởi, Phường Vĩnh Phúc, Quận Ba Đình, Thành phố Hà Nội", ,KOJA MART - Nâng Tầm Chất Lượng Cuộc Sống Gia Đình,
" Số 524 Minh Khai, Phường Vĩnh Tuy, Quận Hai Bà Trưng, Hà Nội", 0582866666,Small Bear - Chuỗi hệ thống mẹ và bé đẳng cấp quốc tế ,https://smallbear.vn/
" Melosa( Mega Village ) 46 Đường D1, Phường Phú Hữu, TP Thủ Đức, TP. HCM", 0901133856,ROCKnBEER - Thưởng thức bia theo phong cách riêng của bạn,rocknbeer2022 
" Xã Xuân Tây, Huyện Cẩm Mỹ, Tỉnh Đồng Nai   ", 0865646191  ,Dế Mèn Authentic - Săn sale uy tín hàng chính hãng,
" 150 Đồng Xá 2, Phường Cát Bi, Quận Hải An, Hải Phòng, Việt Nam", 0583247247,Hàng Ngoại Ánh Dương - Phân Phối Sỉ Hàng Nội Địa Nhật - Úc,https://hangngoaianhduong.vn
" 97 Nghĩa Phát, Phường 6, Tân Bình, Thành phố Hồ Chí Minh","
                                            , ,
                                        ",Tạp hóa Golden Buy - Giá rẻ nhất xóm,https://goldenbuy.sapopage.com 
"  Phố Đức Tâm, Thị trấn Văn Quan, Huyện Văn Quan, Lạng Sơn", 038 744 1820,Nấm Baby - Thời trang cho mẹ bầu và bé, mebauvaebe
" Số 2 Hàng Ngang, Hoàn Kiếm, Hà Nội", 0333916668 ,3S Mart - Cửa hàng nước giặt xả Good Care nổi tiếng từ thiên nhiên, nuocgiatgoodcare/
 , +1 229-402-2009 ,Tổ chức Giáo Dục Thiện Nguyện Nhịp Cầu Sinh Ngữ,chuongtrinhsinhnguonlinemienphi
" Số nhà 15A, Đường Z30A, Thôn 2A, Xã Đông Hà, Huyện Đức Linh, Bình Thuận", 0819660102 ,Hợp tác xã sản xuất Thương Mại Dịch Vụ Nông Nghiệp Sen Núi,https://sennui.com.vn
" 39 Hai Bà Trưng, Phường Mỹ Long, Thành phố Long Xuyên, An Giang", ,Phòng Khám Mắt BS CK2 Trần Tuấn Huy,
" 188 Bùi Hữu Nghĩa , Ấp Vĩnh Hưng, Xã Long Đức, Thành phố Trà Vinh, Trà Vinh ", 0902530738 ,Cửa hàng Bách Hóa tự chọn Thu Nhanh,
" 317 Huỳnh Văn Lũy, Khu phố 6, Phú Mỹ, Tp. Thủ Dầu Một, Bình Dương", 092 5287 778 ,Cửa hàng Larissa Mart - Chăm sóc sức khỏe và sắc đẹp toàn diện,https://larissamart.com
" 473 Điện Biên Phủ, Phường 25, Bình Thạnh, Hồ Chí Minh", ,Black Rouge Vietnam - Thương hiệu mỹ phẩm quốc dân Hàn Quốc ,
" 17/236 Khương Đình, Phường Khương Đình, Quận Thanh Xuân, Hà Nội", 058 950 6666, LAN Perfume - Cửa hàng chuyên nước hoa chính hãng nổi tiếng trên Tiktok ,LANPerfumeAuth
" Chợ Giếng Vuông, Phường Vĩnh Trại, Thành phố Lạng Sơn, Lạng Sơn", 0989682826,A Hùng - Tổng kho buôn hàng Trung Quốc giá xưởng,
" S9.0101.S01 The Origami, KĐT Vinhomes Grand Park, P. Long Bình, TP. Thủ Đức", ,"HEY Fruit & Gift - Trái cây sạch, giỏ trái cây uy tín Sài Thành",
 , 0936934388,Tinnshop - Tổng kho sỉ lẻ thời trang trẻ em ,
" 145 Đường số 01, Khu dân cư Vĩnh Lộc, phường Bình Hưng Hòa B, quận Bình Tân, thành phố Hồ Chí Minh", 0889366168,Quỳnh Trần JP - Thực phẩm chức năng chất lượng Nhật Bản ,https://quynhtranjp.vn
" 43/1G Thành Thái, Phường 14, Quận 10, Tp.Hồ Chí Minh", ,Hương Muatour - chuyên hàng nội địa chính hãng,
 098 791 6165 ,"
                                                , ,
                                            ","Miwako VietNam - Sữa hạt hữu cơ Malaysia đạt tiêu chuẩn Mỹ, Châu  u ",https://miwako.com.vn/ 
 N06C-LK61- KDV -Vạn Phúc - Hà Đông - Hà Nội, 098 313 8076,Nhật Bản Shop - Hàng Nhật nội địa chất lượng cao,nhatbanshop.vn/
" 83/1 Quốc Lộ 13 Cũ, P. Hiệp Bình Phước, TP. Thủ Đức, Tp.HCM", 093.111.8348,Kiddie Club Fashion - Thời trang bé yêu,kiddieclubsg
" 106 Bắc Hải - Phường 06 - Tân Bình, Ho Chi Minh City, Vietnam", 090 908 31 30,Emi’s Perfume - Hương thơm quyến rũ, emis.perfume/
" 40a Lương Văn Can, phường 15, quận 8, Thành phố Hồ Chí Minh", 076 772 6387,"Tiệm tạp hóa Ngọc Mai - Tạp hóa đa năng siêu hot, giá rẻ mà chất lượng",
" 69/45A ĐƯỜNG SỐ 3, P. BÌNH HƯNG HÒA, Q. BÌNH TÂN, TP. HCM", 0961 38 65 38,Yellow Ribbon -  Thời trang cho bé,https://yellowribbon.vn/
" 165 Quang Trung - tổ 12 - khu phố 3 - TT Vĩnh An - Vĩnh Cửu - Đồng Nai, Vietnam", 033 634 1517,Diệp Diệp Cosmetic - Cung cấp mỹ phẩm chính hãng, diepdiepcosmetic
" LK248, Huyền Kỳ, Phú Lãm, Hà Đông, Hà Nội", 036 371 8723,"Shop Đồ Chơi Tốt - Chuyên đồ chơi Lego, đồ chơi thông minh",https://muadochoi.online/
" Số 21B5 Nguyễn Cảnh Dị, Phường Đại Kim, Quận Hoàng Mai, Hà Nội", ,Vua Sâm Hàn Quốc - Nhân sâm chất lượng được nhập khẩu từ xứ sở kim chi,
"
                                            , ,
                                        ","
                                            , ,
                                        ",The Hyemin Cafe & Cosmetic - Mô hình cafe kết hợp độc đáo,
" Tổ 4 khu Cửa Ngăn, Phường Phương Đông, Thành phố Uông Bí, Quảng Ninh", 0345945683,Trang Kiumin Store - Thiên đường mua sắm dành cho mẹ và bé,
 25 Vũ Phạm Hàm - Yên Hòa - Cầu Giấy - Hà Nội, S2.05 Vinhomes Smart City - Tây Mỗ - Nam Từ Liêm - Hà Nội,Trang Anh Baby Store - Cửa hàng đồ dùng tiện lợi cho bé yêu,
" 185 Yersin, P. Phú Cường, TP. Thủ Dầu Một, Bình Dương", 0968 21 2014, LaLa Cosmetics - Thiên Đường Mỹ Phẩm Bình Dương,myphamhanquocbinhduonglala
" 86 Đặng Thuỳ Trâm, Cầu Giấy, Hà Nội", 0975.173.190,Bếp Cộng - Thực phẩm sạch Cầu Giấy,https://bepcong.sapo365.net
 170 Bùi Thị Xuân - Tp. Hải Dương - Hải Dương,  39 Nguyễn Văn Cừ - P. Hồng Hải - Tp. Hạ Long,Gấu Healthy Mart - Thực phẩm sạch hữu cơ,
" 30, Tổ 12 mới, phường Sông Hiến, thành phố Cao bằng, tỉnh Cao Bằng", 094 185 02 32,Thời trang trẻ em Thỏ Kids - Sành điệu cùng bé xuống phố,facebook.com/thokidsthoitrangchobeyeu 
" 91 Hoàng Cầu, Đống Đa, Hà Nội", 0935 66 22 92,THE MOHODO - Thương hiệu đồ uống đậm nét tinh hoa từ đất Việt, profile.php?id=100064160079951
"  15/48 Khuông Việt, phường Phú Trung, quận Tân Phú, thành phố Hồ Chí Minh", , Bomines - Hành trình xây dựng thương hiệu từ 15 năm kinh nghiệm,BominesHCM/ 
"  Số 44 tổ 13 Phường Phúc Diễn, Q. Bắc Từ Liêm, Hà Nội.","
                                            , ,
                                        ",Nature’s Mart - Tận dụng công nghệ tạo sự khác biệt ,
" 97/18 Ung Văn Khiêm, Phường 25, Quận Bình Thạnh, Hồ Chí Minh", 0835 781 794,Thời trang trẻ em MamLa - Nuông chiều tâm hồn & sở thích trẻ thơ,https://mamla.vn
" Số 18, đường 2.3, khu đô thị Gamuda Garden, Phường Trần Phú, quận Hoàng Mai, Thành phố Hà Nội", 0868 323 256,Minh Food - Chuyên cung cấp thực phẩm đông lạnh,https://minhfood.com
" V5A-09, Khu đô thị Văn Phú, Hà Đông, Hà Nội","
                                            , ,
                                        ","Siro Thảo mộc - Thiên Tri Nguyên liệu vườn nhà, thanh sạch tận tâm",https://thientri.vn/siro-thao-moc-thien-tri
"  421 Đường Trường Chinh, Thị trấn Việt Quang, Huyện Bắc Quang, Tỉnh Hà Giang ", 084 928 6222,Cửa hàng Z Mart - Chuyên đồ mẹ và bé chính hãng,facebook.com/ZmartHG
" Số 114, Phú Lương, Phường Phú Lương, Quận Hà Đông, TP. Hà Nội.", ,Gạo Minh An - Gạo ngon của mọi nhà!,facebook.com/thegioigaoviet
" 154/30/6 Phạm Văn Hai, Tp.Hồ Chí Minh","
                                            , ,
                                        ",Grandpa Mart - Món quà dinh dưỡng cho sức khỏe ,
" Số 4 Ngõ 294 Đội Cấn, Hà Nội", 0869007796,Rau củ Đà Lạt Deli - Rau sạch cho mọi nhà ,https://raucudalatdeli.com
" 216 Nguyễn Thị Minh Khai, phường 6, quận 3, Hồ Chí Minh"," Số 5, Lô 1C, Trung Yên 11C, Trung Hòa, Cầu Giấy, Hà Nội",Bếp Bụng Bự - Chuỗi cửa hàng đặc sản vùng miền cao cấp ,
" Khu đô thị Linh Đàm, Quận Hoàng Mai, Hà Nội", ,MEC KIDs - Nơi hội tụ các sản phẩm cho bé, Meckids.vn 
" Ô 6, Lô 1, Đền Lừ 2, Quận Hoàng Mai, Hà Nội, Việt Nam", 0889300966 ,Haki Fashion - Thời trang trẻ em thu hút truyền thông thế giới,https://haki.net.vn/
" 89 Đường số 3 KDC Công Đoàn, p Trường Thọ, tp Thủ Đức"," 121 Y Wuu, Kbang, Gia Lai ",Thảo mộc Voi Rừng ,https://voirung.com
" 512/39 Trường Chinh, Phường 13, Quận Tân Bình, Thành phố Hồ Chí Minh"," 70/1/5 Ống Nước Thô, Thị xã Dĩ An, Tỉnh Bình Dương",Hàng Thái chính hãng - Chăm sóc sức khỏe và sắc đẹp toàn cầu,https://hangthaichinhhang.net/ 
 71 Thống Nhất - Bình Thọ - TP. Thủ Đức - HCM, ,Chuu Beauty & Spa - Đồng hành cùng vẻ đẹp của phụ nữ Việt,
" Số 313, Quốc lộ 46, Thị Trấn Nam Đàn, Tỉnh Nghệ An ", 097 494 27 77,"Chuỗi siêu thị mẹ và bé Lê Uyên - Địa điểm uy tín, an toàn, chất lượng ",https://leuyen.com.vn
" Đường 13/12, Khóm 8, Thị trấn Rạch Gốc, tỉnh Cà Mau","
                                            , ,
                                        ",Siêu thị Tã - Sữa Phú Huy,
" 29 Lô G22, Đường số 8, An Cựu City, Huế."," 858 Quốc lộ 52, phường Hiệp Phú, TP Thủ Đức.",JPMART - Siêu thị thực phẩm nhập khẩu,
" 436A/108A/5 Đường 3 Tháng 2, Phường 12, Quận 10, TP.HCM","
                                                , ,
                                            ",XCN.VN - Nơi mua sắm online uy tín ,https://xcn.vn
 0347779849,"
                                                , ,
                                            ",Sulie House - Thiên đường phụ kiện dành cho bé yêu,https://suliehouse.com/
" Số 1 Đặng Minh Hưởng, Phú Lộc, Thừa Thiên Huế", 0366442967,"Ngọc Hạnh Minimart - Chuyên hàng gia dụng, tạp hoá thiết yêu trong gia đình",profile.php?id=100063655922658
" Số 6 Trường Chinh, Tp Huế"," Số 58 Nguyễn Huệ, Tp Huế","ilahome - Mỹ Phẩm, Quà Tặng & Giày Dép",
" Xóm Hồ 2, Xã Minh Đức, Thị xã Phổ Yên, Thái Nguyên","
                                                , ,
                                            ",Ăn cùng Bà Tuyết - Chuyên đồ ăn vặt,
" Xóm 5, xã Quang Thiện, Thị trấn Phát Diệm, Huyện Kim Sơn, Tỉnh Ninh Bình","
                            ,
                            ,
                            ,
                        ","Nhà thuốc Thu Cúc - Chuyên thuốc theo đơn, thuốc lẻ, TPCN",
" 230 Trần Hưng Đạo, Thị xã Quảng Trị, Quảng Trị", 0888515878,"Rio Baby Mart - Sỉ lẻ hàng trẻ em uy tín, chất lượng", HoThuSuongRiobaby
" D22/17 Đường N9 KDC Thuận Giao,Thuận An,Bình Dương", ,Hoàng Linh Cosmetics - Kho sỉ mỹ phẩm chính hãng,
" Thôn Gò Đình, Xã Hồng Lạc, Huyện Sơn Dương, Tỉnh Tuyên Quang"," Khu 8 Phú Mỹ, Phù Ninh, Phú Thọ","Hệ thống siêu thị Hùng Vương - Thương hiệu quốc tế, giá thành Việt", HungVuongMart
" Số 38 Phạm Văn Đồng, Thị trấn Măng Đen, Huyện Kon Plông, Tỉnh Kon Tum, Việt Nam","
                                            , ,
                                        ",Công ty Cổ phần Tập đoàn Cafe Măng Đen - cà phê tuyệt hảo đến từ Măng Đen,
" Lộ 940, Ấp Mỹ Thuận - TT Huỳnh Hữu Nghĩa - Huyện Mỹ Tú - Tỉnh Sóc Trăng", 0788625858,Bách hóa Bảy Tỷ Hai - Chuyên sỉ lẻ hàng bách hóa,https://bachhoabaytyhai.com
" 38 Khu Phố 2, thị trấn Bến Cầu, huyện Bến Cầu, tỉnh Tây Ninh", 0965168123,Bách hóa Hồng Chí - Cung cấp các mặt hàng thiết yếu hàng ngày, bachhoahongchi
" Diêm Điền, An Ninh Tây, Tuy An, Phú Yên", 0367749259,Onni Cosmestic - Chuyên cung cấp các loại mỹ phẩm công ty được nhập khẩu chính ngạch, onnicosmeticpy
"
                                                , ,
                                            ", 0912182501,Chái bếp - Thực phẩm an lành Bến Tre,
" 347 đường Trần Hưng Đạo, Phường Bà Triệu, Thành phố Nam Định, Tỉnh Nam Định","
                            ,
                            ,
                            ,
                        ","Cửa hàng bách hoá Chiến Thanh - bánh kẹo, bia rượu, hàng nhập ngoại.",
" Đường Đông Tây, Khu phố 2, Thị trấn Ba Tri, Tỉnh Bến Tre","
                                            , ,
                                        ",Siêu thị mẹ và bé MORI KIDS - Chuyên các sản phẩm sữa bỉm cho bé,
" Đường Nguyễn Hiến Lê - k1, phường Thanh Sơn, Tp Phan Rang Tháp Chàm, Ninh Thuận","
                                                , ,
                                            ","Lily Kids - Sỉ và lẻ quần áo trẻ em, nhận order hàng Taobao cao cấp",
" 517 Khu dốc đồn, thị trấn Chũ, huyện Lục Ngạn, tỉnh Bắc Giang","
                                                , ,
                                            ",Trúc Trần - Thế Giới Son Môi - Chuyên sỉ lẻ mỹ phẩm chính hãng,
" C17, Lê Hồng Phong, P. Bình Thủy, Q. Bình Thủy, Thành Phố Cần Thơ", ,Làng nghề sông Đốc - Đặc sản Cà Mau ,
" HMRQ+C3V, QL21A, TT. Thanh Hà, Kim Bôi, Hòa Bình","
                            ,
                            ,
                            ,
                        ",Cửa hàng tiện lợi Tuấn Trinh - Kinh doanh các mặt hàng nhu yếu phẩm cần thiết,
" Tổ 21, ấp Hòa Phú 4, Thị trấn An Châu, Huyện Châu Thành, An Giang.","
                            ,
                            ,
                            ,
                        ",Shop Nguyễn Loan,
 Bích Động- Việt Yên- Bắc Giang,"
                                                , ,
                                            ","Kids Xinh Shop - Chuyên sỉ lẻ quần áo, phụ kiện cho bé",
" 12/7 Vĩnh Thành, Vĩnh Phương, Nha Trang, Khánh Hòa","
                            ,
                            ,
                            ,
                        ",Trung tâm Nghiên cứu và Chế biến thực phẩm Khánh Hoà,
" 168H Đường Võ Nguyên Giáp, Xã Bình Phú, TP. Bến Tre, Tỉnh Bến Tre", ,"Cửa hàng Quỳnh Anh - thiết bị, vật tư ý tế hiện hiện đại",
" Tòa C – Việt Đức Complex 164 Khuất Duy Tiến, Nhân Chính, Thanh Xuân,Hà Nội", ,Trường mầm non quốc tế O'Hana,ohanavn/
" Số 29 - Ngõ 35, Phố Cát Linh, P. Cát Linh, Q. Đống Đa, Hà Nội", ,Medical Việt Nam - Thiết Bị Y Tế Nhập Khẩu,
" No B18-06, Vinhome Gardenia, P. Hàm Nghi, Mỹ Đình, Hà Nội"," No B18-05A, Vinhome Gardenia, P. Hàm Nghi, Mỹ Đình, Hà Nội",Trường mầm non song ngữ AMG Kindergarten - giáo dục là yêu thương,https://anhmyglobal.edu.vn/
" Nhà A1, 369 Trường Chinh, Thanh Xuân, Hà Nội", ,Nippon Food - Nguyên liệu sạch đảm chất lượng dành cho các bà nội trợ,NipponmaruVN
" SN 32, tổ 10, P. Quang Trung, TP Thái Nguyên, Tỉnh Thái Nguyên", ,Túy Trà - 50 năm kinh nghiệm trồng và chế biến chè Thái Nguyên,FBTuyTra/
" 28/23 KP Bình Đường 1, P.An Bình, TX.Dĩ An, Tỉnh Bình Dương", ,Datafa chuyên khai thác - sản xuất yến sào cao cấp và nước giải khát,datafafnb
 4/68E Trần Khắc Chân P.Tân Định Q.1 Tp.HCM, ,Shop Đồ chơi bé yêu - KK Baby,ShopDoChoBeYeu/
" Thôn Liêu Hạ, Xã Tân Lập, Huyện Yên Mỹ, Tỉnh Hưng Yên", ,Đức Việt Food - 20 năm được người tiêu dùng tin tưởng lựa chọn,ducvietfoods
" 1224 Trần Hưng Đạo ,TP Sông Công, Thái Nguyên", ,Trà Tân Cương Xanh - Trà Việt Nam thượng hạng ,vntea/
 85 HT06 - P.Hiệp Thành - Quận 12 - TP. Hồ Chí Minh, ,Hoa Doanh Foods - Chuyên các loại thực phẩm chế biến sẵn,
" B04, Khu nhà ở Bộ Quốc Phòng, P. Xuân Đỉnh, Q. Bắc Từ Liêm, Hà Nội", ,PTL Vina - Thực phẩm dinh dưỡng dành cho gia đình đến từ Hàn Quốc,
" Số 5, Đường số 7, KDC Him Lam, P. Tân Hưng, Q. 7, TP. Hồ Chí Minh", ,Celluver - Sự lai ghép giữa nước hoa truyền thống và Body mist,celluver.vn/
" 37 Nguyễn Khoái, Phường Hoà Cường Bắc, Q.Hải Châu, TP. Đà Nẵng.", ,"Dịch vụ du lịch Mai Eco - Trao giá trị, nhận niềm tin",
" Ngõ 18, Phố Định Công Thượng, P.Định Công, Q. Hoàng Mai, Hà Nội", 0981153434,Bò khô Xuân Hương - 14 năm thương hiệu bò khô đặc sản,https://bokhoxuanhuong.com/
" Giảng Võ Lakeview Building, Ba Đình, Hà Nội", ,Glamour Skin - Bí quyết nuôi dưỡng làn da không tuổi,
" 3 Phú Thuỵ, Gia Lâm, Hà Nội", ,Thực phẩm bảo vệ sức khỏe - Viên nang Ferrumplus ,ferrumplus.vn
"
                                            , ,
                                        ", 0866915559 ,Vinasamex Mart ,
" 40 Lương Thế Vinh, Buôn Hồ, Đaklak", ,Cordibee - Thành công nhờ kinh doanh mật ong trên đất quê nhà ,matongcordibee/
" Tòa nhà VIT, số 519 Kim Mã, Ngọc Khánh, Ba Đình, Hà Nội", ,Công ty TNHH Pectin Technology - Sức mạnh thải độc từ thiên nhiên,pectincomplexdetox/
" 47 Võ Thị Sáu, Phường 6, Quận 3, TP.HCM"," 143 Nguyễn Thị Minh Khai, Phường Bến Thành, Q.1, TP.HCM",Đầm bầu Celenamom,
" Số 115 Hoàng Văn Thái, Quận Thanh Xuân, Hà Nội", 0936.233.998,Thực phẩm sạch BigGreen -  Thêm chất lượng để thêm lòng tin,facebook.com/biggreen.com.vn
" 178 Tôn Đức Thắng, Đống Đa, Hà Nội", ,3CE Việt Nam,3cevietnam.com.vn
" Tầng 2 toà nhà Times Tower, 35 Lê Văn Lương, Q. Thanh Xuân"," 46A phố Sơn Tây, Q. Ba Đình",Baby closet by T&T – Tình yêu  thương của mẹ dành cho bé, babyclosetbytt/
" 1246 Kha Vạn Cân, P.Linh Trung, Q.Thủ Đức, TPHCM"," 93 Duy Tân, Phường 15, Quận Phú Nhuận, TP.HCM",Naki Beauty,
 Số 34 - Trần Đăng Ninh - Cầu Giấy - Hà Nội,  0944 843 888,Ngocmos giúp đẹp hơn mỗi ngày, NgocMosHangNga
" 33-LK6C, đường Nguyễn Văn Lộc, Phường Mỗ Lao, Quận Hà Đông, Hà Nội","
                                                , ,
                                            ",Sức khỏe gia đình,https://suckhoegiadinh.asia
" 231 Hai Bà Trưng, P6, Q1, TP.HCM "," 29 Trần Huy Liệu,Phú Nhuận, TP.HCM",Đầm bầu Merymom,
" 282 Kim Giang, Hoàng Mai, Hà Nội", ,Khoai Tay ‘s house, dochoimelam
"
                                ,
                                ,
                                ,
                            ",,Garden shop - Thương hiệu phân phối mỹ phẩm chính hãng,
  Số 106 Bạch Mai - Hai Bà Trưng - Hà Nội, ,Konnichiwa - Siêu thị hãng Nhật Bản chính hãng ,facebook.com/KonnichiwaMart
" Tầng 13, Hanoi Tower, 43 Hai Bà Trưng, Hoàn Kiếm, Hà Nội ",  0904895900 ,Ngôi nhà chích bông - Nơi các mẹ cùng chia sẻ kinh nghiệm ,fb.com/ngoinhachichbong  
" 111A Xóm Chiếu, P.16, Q.4, Tp.HCM", 0936 526 088,"Shop thể hình - Nhà phân phối thực phẩm bổ sung uy tín, chất lượng",shopthehinhtphcm/
" 1126 Đê La Thành, Quận Ba Đình, HN"," 299 Hoàng Văn Thụ, P2, Quận Tân Bình, HCM",TokyoBaby - Chuyên hàng Nhật cho bé và cả gia đình,
" Khu Cityland Garden Hills, Số 58, đường số 2, Phường 5, Quận Gò Vấp, Tp. Hồ Chí Minh ","
                                            , ,
                                        ",Brightdoctors - Thương hiệu mỹ phẩn an toàn và hiệu quả,
" Nguyễn Ngọc Vũ, Quận Đống Đa, Hà Nội ", 0354250750 ,SonAuth - Nơi mua sắm mỹ phẩm xách tay tin cậy cho bạn., SonAuth.Official 
" R6, Royal City, 74 Nguyễn Trãi, Hà Nội", ,Sieuthimypham.biz,
 Số 345b GIẢNG VÕ - Q. BA ĐÌNH - TP HÀ NỘI, 0466.6266.44,Muasamtructuyenaz,https://www.muasamtructuyenaz.vn
"  88 Xuân Diệu, thành phố Hà Tĩnh", 093.628.6232,Giải pháp kinh doanh đồ uống Haci, Hacivn-gia%CC%89i-pha%CC%81p-kinh-doanh-%C4%91%C3%B4%CC%80-u%C3%B4%CC%81ng-105592411051132/
" Đường Tuệ Tĩnh, phường Nam Thành, thành phố Ninh Bình", 0886.876.599 - 0229.3893.389,Cửa hàng tiện lợi PQ Mart,https://pq-mart-cua-hang-tien-loi.business.site/
" Ngã Ba Giang, xã Việt Tiến, Thạch Hà, Hà Tĩnh","
                                            , ,
                                        ",Thế giới bỉm sữa Hiển Thọ,
" Số 18A Mạc Thị Bưởi, Thành phố Nam Định", 0914.717.853,Mỹ phẩm chính hãng Shin’s Cosmetic , cosmetics86/?__tn__=%2Cd%2CP-R&eid=ARCaO9yVuj7e56KHZBLBz2bJo1SMwn-812mbBx_0QdGVuAIH_-QDrgE-diSMudLGjAoawEat6Fr4EO4c
 0983.596.828, Thành phố Nam Định,Cửa hàng tạp hóa Hùng Nhuần,
" Số 8A ngách 81 ngõ 310 Nghi Tàm, Quận Tây Hồ, Hà Nội", 090 779 6333,Đặc sản chất - Ẩm thực độc đáo của người Việt,https://dacsanchat.com/
"  796 Quang Trung, P8, Gò Vấp, TP HCM"," Amprin Aeon Tân Phú- 30 Bờ Bao Tân Thắng, Sơn Ký, Tân Phú",Amprin - Thời trang thiết kế trẻ em,
" Số 172 Cầu Đất, Ngô Quyền, Hải Phòng","
                                            , ,
                                        ",Hiệu bánh cổ truyền Đông Phương,
" 437 đường Hoàng Liên, P. Kim Tân, TP. Lào Cai, tỉnh Lào Cai", 0913.287.222,Mai Long Mart ,
" 40 Tô Hiến Thành, TP. Bắc Ninh", 038.992.9015 (Ms Oanh),Dụng cụ phun xăm Oanh Nguyễn,
  39 Lê Lợi - Chư Sê - Gia Lai, 0976.217.879,Shop Mẹ Tôm, dososinhmetom 
" Số 23, Ngõ 29 Đội Nhân, Hà Nội"," Số 22, Ngõ 44 Phạm Thận Duật, Hà Nội",Bun bếp quán,
" KDC 6B, Intresco, Thành Phố Hồ Chí Minh","
                                            , ,
                                        ",Cửa hàng BabyBest,
" 815 Giải Phóng, Hoàng Mai, Hà Nội","
                                            , ,
                                        ",Ngân Hàng Thảo Mộc Việt Nam,
"
                                            , ,
                                        "," 198A Nguyễn Thị Thập (QL60), Phường 5, Thành phố Mỹ Tho",Sâm Yến Phước Thành,
" 106 Bạch Mai, P.Cầu Dền, Q.Hai Bà Trưng, Hà Nội", 098 588 0007 ,Konni39- cửa hàng nội địa Nhật tin dùng cho mọi gia đình Việt,
" 198 Hồ Nghinh, thành phố Đà Nẵng", 098 323 4118,Thiên Phú Mart - Cửa hàng tiện lợi,
 098 624 7747,"
                                            , ,
                                        ",Đặc sản Đà Nẵng - Giao Mart ,
"
                                            , ,
                                        "," 30 Trần Tống, Thanh Khê, Đà Nẵng",Văn phòng phẩm Sandy Store,
"  16 Nguyễn Khắc Cần, Thành phố Đà Nẵng",  090 555 95 60,Siêu thị hàng nhập khẩu UniKary Mart , unikarymart
 091 536 2669," Hà Huy Tập, thị trấn Cẩm Xuyên, thành phố Hà Tĩnh",Cửa hàng Bỉm sữa An Nam, 172hahuytapcamxuyen
" 171 Lê Duẩn, thành phố Đà Nẵng ","
                                            , ,
                                        ",Mỹ phẩm chính hãng Sarang Beauty,
" 516 Núi Thành , Quận Hải Châu , Thành Phố Đà Nẵng", 0934.717.176,Bò Khô Ngon Đà Nẵng - Dương Lê,https://www.facebook.com/bokhongondanang/?eid=ARC9aACwfS8-1kmnlw2efs2zqe0nB4LqBbJsu0dZXmx8JdO4xnnzAs6LngA_M_VG2eWjrjUgULF2TdWQ
" 50 Lạch Tray, Ngô Quyền, Hải Phòng", 0386.933.220 – 0946.633.220,Ảnh viện Bé thiên thần,https://bethienthan.com/
" Số 39E1 ngõ 44 Trần Thái Tông, Cầu Giấy, Hà Nội","
                                            , ,
                                        ",Phúc Nguyên Mart - Siêu Thị Tiện Ích Của Mọi Nhà,
" 548 Nguyễn Kiệm, P4, Q.Phú Nhuận, TPHCM", 0947.792.268,Thiên Nhiên Mới - Nuôi dưỡng cơ thể khỏe mạnh cùng thiên nhiên, THI%C3%8AN-NHI%C3%8AN-M%E1%BB%9AI-105183237972465/
